date,product_name,category,unit_price,quantity,sales_amount,customer_id
2024-01-01,ビジネス書,書籍,1800.0,3.0,5400.0,customer_064
2024-01-01,マウス,電子機器,2000.0,7.0,-14000.0,customer_029
2024-01-01,ビジネス書,書籍,1800.0,7.0,12600.0,customer_003
2024-01-02,キーボード,電子機器,5000.0,,5000.0,customer_099
2024-01-02,ビジネス書,書籍,1800.0,3.0,5400.0,customer_100
2024-01-02,ノート,文房具,300.0,2.0,600.0,customer_075
2024-01-03,技術書,書籍,3500.0,5.0,17500.0,customer_068
2024-01-03,ボールペン,文房具,150.0,9.0,1350.0,customer_088
2024-01-03,ファイル,文房具,500.0,10.0,5000.0,customer_081
2024-01-04,ボールペン,文房具,150.0,10.0,1500.0,customer_056
2024-01-04,ノートパソコン,電子機器,,3.0,240000.0,customer_081
2024-01-04,ファイル,文房具,500.0,3.0,1500.0,customer_057
2024-01-04,ノートパソコン,,80000.0,4.0,320000.0,customer_079
2024-01-04,ファイル,文房具,500.0,2.0,1000.0,customer_005
2024-01-05,ファイル,文房具,114143.0,-5.0,2500.0,customer_034
2024-01-05,小説,書籍,1500.0,9.0,13500.0,customer_081
2024-01-05,キーボード,電子機器,5000.0,3.0,15000.0,customer_004
2024-01-05,マウス,電子機器,2000.0,2.0,4000.0,customer_022
2024-01-05,ビジネス書,書籍,1800.0,4.0,7200.0,customer_041
2024-01-06,マウス,電子機器,2000.0,9.0,18000.0,customer_093
2024-01-06,ファイル,文房具,500.0,2.0,1000.0,customer_055
2024-01-06,小説,書籍,1500.0,4.0,6000.0,customer_024
2024-01-07,ノート,文房具,300.0,6.0,1800.0,customer_097
2024-01-07,ボールペン,文房具,150.0,4.0,600.0,customer_086
2024-01-07,ボールペン,文房具,150.0,3.0,450.0,customer_073
2024-01-07,ボールペン,文房具,150.0,7.0,1050.0,customer_088
2024-01-07,ノートパソコン,電子機器,80000.0,1.0,80000.0,customer_035
,ファイル,文房具,500.0,8.0,4000.0,customer_084
2024-01-08,ファイル,文房具,500.0,3.0,1500.0,customer_078
2024-01-08,マウス,電子機器,2000.0,6.0,12000.0,customer_012
2024-01-09,小説,書籍,1500.0,6.0,9000.0,customer_040
,小説,書籍,1500.0,4.0,6000.0,customer_096
2024-01-09,ファイル,文房具,500.0,8.0,4000.0,customer_055
2024-01-09,キーボード,電子機器,5000.0,-9.0,45000.0,customer_023
2024-01-10,小説,書籍,1500.0,9.0,13500.0,customer_045
2024-01-10,技術書,書籍,3500.0,8.0,,customer_090
2024-01-10,ノートパソコン,電子機器,80000.0,7.0,560000.0,customer_009
2024-01-10,マウス,電子機器,2000.0,8.0,16000.0,customer_008
2024-01-11,技術書,書籍,3500.0,4.0,14000.0,customer_019
2024-01-11,マウス,電子機器,2000.0,6.0,12000.0,customer_046
,ボールペン,文房具,150.0,5.0,750.0,customer_020
2024-01-11,小説,書籍,1500.0,8.0,12000.0,customer_065
2024-01-12,キーボード,電子機器,5000.0,2.0,,customer_091
2024-01-12,技術書,書籍,3500.0,4.0,14000.0,customer_089
2024-01-12,小説,書籍,1500.0,10.0,15000.0,customer_074
2024-01-13,小説,書籍,1500.0,4.0,6000.0,customer_059
2024-01-13,ファイル,文房具,500.0,8.0,4000.0,
2024-01-13,ノートパソコン,電子機器,80000.0,2.0,160000.0,customer_072
2024-01-13,キーボード,電子機器,5000.0,9.0,45000.0,customer_055
2024-01-14,ノート,文房具,300.0,2.0,600.0,customer_100
2024-01-14,ボールペン,文房具,150.0,9.0,1350.0,customer_089
2024-01-14,小説,書籍,1500.0,5.0,7500.0,customer_092
2024-01-14,小説,書籍,1500.0,-2.0,,customer_070
2024-01-15,ビジネス書,,1800.0,2.0,3600.0,customer_018
2024-01-15,ファイル,文房具,500.0,3.0,-1500.0,customer_061
2024-01-15,キーボード,電子機器,5000.0,1.0,5000.0,customer_057
2024-01-15,ノートパソコン,電子機器,80000.0,4.0,,customer_083
2024-01-15,ビジネス書,書籍,1800.0,6.0,10800.0,customer_061
2024-01-16,技術書,書籍,-3500.0,7.0,24500.0,customer_035
2024-01-16,ファイル,文房具,500.0,2.0,1000.0,
2024-01-16,ボールペン,文房具,150.0,10.0,1500.0,customer_037
2024-01-17,ノート,文房具,300.0,3.0,900.0,customer_017
2024-01-17,技術書,書籍,3500.0,10.0,35000.0,customer_090
2024-01-17,小説,書籍,1500.0,1.0,1500.0,customer_070
2024-01-17,キーボード,電子機器,5000.0,4.0,20000.0,customer_033
2024-01-17,ビジネス書,書籍,1800.0,7.0,12600.0,customer_045
2024-01-18,技術書,書籍,3500.0,9.0,31500.0,customer_096
2024-01-18,マウス,電子機器,2000.0,9.0,18000.0,customer_100
2024-01-18,小説,,1500.0,-7.0,10500.0,customer_064
2024-01-18,小説,書籍,1500.0,5.0,7500.0,
2024-01-19,ボールペン,文房具,114143.0,8.0,1200.0,customer_074
2024-01-19,小説,書籍,1500.0,6.0,9000.0,customer_034
INVALID_DATE,ビジネス書,書籍,114143.0,2.0,3600.0,customer_057
2024-01-19,ノートパソコン,電子機器,80000.0,6.0,480000.0,customer_087
,ビジネス書,書籍,-1800.0,2.0,3600.0,customer_029
,ノートパソコン,電子機器,80000.0,3.0,240000.0,customer_061
2024-01-20,マウス,電子機器,2000.0,4.0,8000.0,customer_073
2024-01-21,マウス,電子機器,114143.0,6.0,12000.0,customer_039
2024-01-21,マウス,電子機器,2000.0,7.0,14000.0,customer_076
2024-01-21,キーボード,電子機器,5000.0,9.0,45000.0,customer_098
2024-01-21,ビジネス書,書籍,1800.0,9.0,-16200.0,customer_088
2024-01-21,マウス,電子機器,2000.0,10.0,20000.0,customer_012
2024-01-22,ボールペン,文房具,150.0,3.0,450.0,customer_087
2024-01-22,マウス,電子機器,2000.0,3.0,6000.0,customer_054
2024-01-22,ノートパソコン,電子機器,80000.0,10.0,800000.0,customer_067
2024-01-23,小説,書籍,1500.0,6.0,9000.0,customer_021
2024-01-23,ノートパソコン,電子機器,80000.0,5.0,400000.0,customer_045
2024-01-23,ビジネス書,書籍,1800.0,1.0,,customer_056
2024-01-24,ノート,文房具,300.0,6.0,1800.0,customer_072
2024-01-24,ノート,文房具,300.0,6.0,1800.0,customer_030
2024-01-24,ファイル,文房具,500.0,5.0,2500.0,customer_045
2024-01-24,ノート,文房具,300.0,2.0,600.0,customer_040
2024-01-25,ボールペン,文房具,150.0,6.0,900.0,customer_019
2024-01-25,技術書,書籍,3500.0,1.0,3500.0,customer_071
2024-01-25,小説,書籍,1500.0,4.0,6000.0,customer_094
INVALID_DATE,ノート,文房具,300.0,5.0,1500.0,customer_055
2024-01-26,ビジネス書,書籍,1800.0,8.0,14400.0,customer_059
2024-01-26,ビジネス書,書籍,1800.0,6.0,639384.0,customer_007
2024-01-26,技術書,書籍,3500.0,10.0,35000.0,customer_021
2024-01-26,ファイル,文房具,500.0,10.0,5000.0,
INVALID_DATE,,書籍,1500.0,10.0,15000.0,customer_068
,小説,書籍,1500.0,10.0,15000.0,customer_095
2024-01-27,小説,書籍,1500.0,6.0,9000.0,customer_048
2024-01-28,,文房具,,4.0,2000.0,customer_043
2024-01-28,キーボード,電子機器,5000.0,8.0,40000.0,customer_013
2024-01-28,マウス,電子機器,2000.0,8.0,16000.0,customer_038
2024-01-28,小説,書籍,1500.0,4.0,,customer_077
2024-01-29,小説,書籍,1500.0,3.0,4500.0,customer_051
2024-01-29,ビジネス書,書籍,1800.0,8.0,14400.0,customer_005
2024-01-29,マウス,電子機器,2000.0,2.0,4000.0,customer_029
2024-01-30,ボールペン,文房具,150.0,10.0,1500.0,customer_085
2024-01-30,小説,書籍,1500.0,8.0,12000.0,customer_067
2024-01-30,ファイル,文房具,,10.0,5000.0,customer_046
2024-01-30,ノートパソコン,電子機器,80000.0,7.0,,customer_093
2024-01-31,キーボード,電子機器,5000.0,-2.0,10000.0,customer_078
,技術書,書籍,3500.0,10.0,35000.0,customer_012
2024-01-31,ノートパソコン,電子機器,80000.0,7.0,560000.0,customer_007
2024-01-31,ファイル,文房具,500.0,4.0,2000.0,customer_087
2024-02-01,マウス,電子機器,2000.0,5.0,10000.0,customer_015
2024-02-01,技術書,書籍,3500.0,3.0,10500.0,customer_089
2024-02-01,キーボード,電子機器,5000.0,2.0,10000.0,customer_055
2024-02-01,ファイル,文房具,500.0,,3500.0,customer_021
2024-02-02,キーボード,電子機器,5000.0,10.0,50000.0,customer_041
2024-02-02,技術書,書籍,3500.0,8.0,28000.0,customer_013
2024-02-02,キーボード,電子機器,5000.0,5.0,639384.0,customer_009
2024-02-02,小説,書籍,1500.0,5.0,7500.0,customer_070
2024-02-02,小説,書籍,1500.0,10.0,15000.0,customer_050
2024-02-03,技術書,書籍,3500.0,5.0,17500.0,customer_001
2024-02-03,ビジネス書,書籍,-1800.0,2.0,3600.0,customer_065
INVALID_DATE,キーボード,電子機器,5000.0,10.0,50000.0,customer_069
2024-02-04,技術書,書籍,3500.0,3.0,10500.0,customer_034
2024-02-04,マウス,電子機器,2000.0,8.0,639384.0,customer_078
2024-02-04,ノートパソコン,電子機器,80000.0,10.0,800000.0,customer_090
2024-02-04,ビジネス書,書籍,1800.0,,16200.0,customer_067
2024-02-04,,書籍,1500.0,8.0,12000.0,customer_077
2024-02-05,小説,書籍,1500.0,8.0,12000.0,customer_012
2024-02-05,技術書,書籍,3500.0,1.0,3500.0,customer_088
2024-02-05,小説,,1500.0,8.0,12000.0,customer_002
2024-02-05,ノート,文房具,300.0,1.0,300.0,customer_097
2024-02-06,技術書,書籍,3500.0,8.0,28000.0,customer_092
2024-02-06,キーボード,電子機器,5000.0,-2.0,10000.0,customer_008
2024-02-06,キーボード,電子機器,5000.0,3.0,15000.0,customer_075
2024-02-06,ファイル,文房具,500.0,3.0,1500.0,customer_025
2024-02-07,ノートパソコン,電子機器,80000.0,6.0,480000.0,customer_047
2024-02-07,キーボード,電子機器,5000.0,2.0,,customer_047
2024-02-07,ノートパソコン,電子機器,80000.0,5.0,,customer_059
2024-02-07,ボールペン,文房具,150.0,9.0,1350.0,customer_051
2024-02-07,マウス,電子機器,2000.0,6.0,12000.0,customer_081
2024-02-08,技術書,書籍,3500.0,1.0,3500.0,customer_042
2024-02-08,マウス,電子機器,2000.0,5.0,10000.0,customer_029
2024-02-08,ノートパソコン,電子機器,80000.0,10.0,800000.0,customer_064
2024-02-08,マウス,電子機器,2000.0,,2000.0,customer_096
2024-02-08,技術書,,3500.0,2.0,7000.0,customer_052
2024-02-09,ノートパソコン,電子機器,80000.0,2.0,,customer_050
2024-02-09,小説,書籍,1500.0,-1.0,1500.0,customer_027
2024-02-09,ノートパソコン,電子機器,80000.0,8.0,640000.0,customer_068
2024-02-09,ノート,文房具,300.0,5.0,1500.0,customer_048
INVALID_DATE,ノートパソコン,,80000.0,10.0,800000.0,customer_026
2024-02-10,キーボード,電子機器,5000.0,10.0,639384.0,customer_073
,小説,書籍,1500.0,4.0,6000.0,customer_002
2024-02-10,マウス,電子機器,2000.0,6.0,12000.0,customer_032
2024-02-10,ノート,文房具,300.0,5.0,1500.0,customer_004
2024-02-11,小説,書籍,1500.0,4.0,6000.0,customer_091
2024-02-11,マウス,電子機器,2000.0,7.0,14000.0,customer_078
2024-02-11,ノート,文房具,300.0,4.0,1200.0,customer_020
2024-02-12,ビジネス書,書籍,1800.0,6.0,10800.0,customer_052
2024-02-12,ノート,文房具,300.0,9.0,2700.0,customer_098
2024-02-12,小説,書籍,1500.0,10.0,15000.0,customer_022
2024-02-12,ノートパソコン,電子機器,80000.0,7.0,,customer_090
2024-02-12,キーボード,電子機器,5000.0,6.0,,customer_044
2024-02-13,,書籍,1500.0,6.0,9000.0,customer_006
,ビジネス書,書籍,1800.0,9.0,16200.0,customer_070
2024-02-13,ビジネス書,書籍,1800.0,7.0,12600.0,customer_096
2024-02-14,小説,書籍,1500.0,9.0,13500.0,customer_039
2024-02-14,キーボード,電子機器,5000.0,2.0,10000.0,customer_097
2024-02-14,ボールペン,文房具,150.0,4.0,600.0,customer_057
2024-02-15,小説,書籍,1500.0,8.0,12000.0,customer_006
2024-02-15,ノートパソコン,電子機器,80000.0,8.0,640000.0,customer_054
2024-02-15,ビジネス書,書籍,1800.0,7.0,12600.0,customer_100
2024-02-16,,書籍,3500.0,8.0,28000.0,customer_045
2024-02-16,ボールペン,文房具,150.0,3.0,450.0,customer_064
2024-02-16,小説,書籍,114143.0,7.0,10500.0,customer_011
2024-02-16,ノートパソコン,電子機器,80000.0,8.0,640000.0,customer_027
2024-02-17,技術書,書籍,3500.0,1.0,3500.0,customer_073
2024-02-17,ノート,文房具,300.0,7.0,2100.0,customer_081
2024-02-17,マウス,電子機器,2000.0,4.0,8000.0,customer_032
2024-02-18,キーボード,電子機器,5000.0,-9.0,45000.0,customer_055
2024-02-18,ボールペン,文房具,150.0,7.0,1050.0,customer_060
2024-02-18,ノートパソコン,電子機器,80000.0,1.0,80000.0,customer_087
2024-02-19,マウス,電子機器,2000.0,8.0,,customer_072
2024-02-19,マウス,電子機器,2000.0,7.0,14000.0,customer_065
2024-02-19,小説,書籍,1500.0,8.0,12000.0,customer_047
2024-02-19,ボールペン,文房具,150.0,2.0,300.0,customer_042
2024-02-20,小説,書籍,1500.0,1.0,1500.0,
2024-02-20,ファイル,文房具,500.0,3.0,1500.0,customer_028
2024-02-20,マウス,電子機器,2000.0,9.0,18000.0,customer_017
2024-02-20,キーボード,電子機器,,6.0,,customer_058
2024-02-21,小説,書籍,1500.0,9.0,13500.0,customer_094
,キーボード,電子機器,5000.0,4.0,20000.0,customer_041
2024-02-21,ファイル,文房具,500.0,5.0,2500.0,customer_046
2024-02-21,マウス,電子機器,2000.0,8.0,16000.0,customer_054
2024-02-21,キーボード,電子機器,5000.0,8.0,40000.0,customer_067
2024-02-22,ノート,文房具,300.0,2.0,600.0,customer_033
2024-02-22,ボールペン,文房具,150.0,-9.0,1350.0,customer_012
2024-02-22,,文房具,300.0,6.0,1800.0,customer_099
2024-02-23,小説,書籍,1500.0,5.0,7500.0,
2024-02-23,ファイル,文房具,500.0,4.0,2000.0,customer_024
2024-02-23,ボールペン,文房具,150.0,10.0,1500.0,customer_041
2024-02-24,マウス,電子機器,2000.0,9.0,639384.0,customer_010
2024-02-24,ノートパソコン,電子機器,80000.0,6.0,480000.0,customer_075
2024-02-24,技術書,,3500.0,5.0,17500.0,customer_043
2024-02-24,ファイル,文房具,500.0,1.0,-500.0,customer_034
2024-02-25,技術書,書籍,3500.0,10.0,35000.0,customer_010
2024-02-25,ノート,文房具,300.0,,,customer_032
2024-02-25,ボールペン,文房具,150.0,8.0,,customer_030
2024-02-26,キーボード,電子機器,5000.0,1.0,5000.0,customer_076
,技術書,書籍,3500.0,2.0,7000.0,customer_032
2024-02-26,マウス,電子機器,2000.0,1.0,2000.0,customer_085
2024-02-26,ノート,文房具,300.0,5.0,1500.0,customer_018
2024-02-27,ノートパソコン,電子機器,80000.0,8.0,640000.0,customer_073
2024-02-27,ビジネス書,書籍,1800.0,6.0,10800.0,customer_072
2024-02-27,,電子機器,80000.0,10.0,800000.0,customer_059
2024-02-27,ボールペン,文房具,150.0,10.0,1500.0,customer_069
2024-02-28,技術書,書籍,3500.0,8.0,28000.0,customer_042
2024-02-28,ビジネス書,書籍,1800.0,3.0,5400.0,customer_080
2024-02-28,ノート,文房具,300.0,4.0,1200.0,customer_063
2024-02-28,技術書,書籍,3500.0,6.0,21000.0,customer_089
2024-02-29,ノートパソコン,電子機器,80000.0,8.0,640000.0,customer_044
2024-02-29,ファイル,文房具,500.0,4.0,2000.0,customer_085
2024-02-29,ビジネス書,書籍,1800.0,8.0,14400.0,customer_057
2024-02-29,ボールペン,文房具,150.0,7.0,1050.0,
2024-03-01,ノートパソコン,電子機器,80000.0,1.0,80000.0,customer_080
2024-03-01,ビジネス書,書籍,1800.0,10.0,18000.0,customer_090
2024-03-01,キーボード,電子機器,5000.0,10.0,50000.0,customer_032
2024-03-02,ファイル,文房具,500.0,5.0,2500.0,customer_003
2024-03-02,小説,書籍,1500.0,9.0,13500.0,customer_062
2024-03-02,小説,書籍,1500.0,4.0,6000.0,customer_009
2024-03-02,技術書,書籍,3500.0,3.0,10500.0,customer_078
2024-03-02,小説,書籍,1500.0,2.0,3000.0,customer_019
2024-03-03,ノートパソコン,電子機器,80000.0,4.0,320000.0,customer_005
2024-03-03,ノート,文房具,300.0,8.0,2400.0,customer_011
2024-03-03,ファイル,文房具,500.0,3.0,1500.0,customer_063
2024-03-04,マウス,電子機器,2000.0,7.0,14000.0,customer_051
2024-03-04,ファイル,文房具,500.0,3.0,1500.0,customer_093
2024-03-04,ノートパソコン,電子機器,80000.0,3.0,240000.0,customer_067
,小説,書籍,1500.0,2.0,3000.0,customer_011
2024-03-05,ノート,文房具,300.0,2.0,600.0,customer_021
2024-03-05,キーボード,電子機器,5000.0,3.0,15000.0,customer_100
,ノートパソコン,電子機器,,4.0,320000.0,
2024-03-06,ビジネス書,書籍,1800.0,1.0,1800.0,customer_085
2024-03-06,ファイル,文房具,500.0,3.0,639384.0,customer_049
INVALID_DATE,小説,書籍,1500.0,10.0,15000.0,customer_071
2024-03-07,ビジネス書,書籍,1800.0,7.0,12600.0,customer_031
,技術書,書籍,,9.0,-31500.0,customer_017
2024-03-07,,文房具,300.0,5.0,1500.0,customer_049
2024-03-07,ノート,文房具,300.0,5.0,1500.0,customer_044
2024-03-08,小説,書籍,1500.0,9.0,13500.0,customer_054
2024-03-08,ノート,文房具,300.0,8.0,2400.0,customer_016
2024-03-08,ビジネス書,書籍,1800.0,4.0,7200.0,customer_008
2024-03-09,ビジネス書,書籍,1800.0,6.0,10800.0,customer_040
2024-03-09,ファイル,文房具,500.0,7.0,3500.0,customer_051
2024-03-09,ファイル,文房具,500.0,,2500.0,customer_025
2024-03-09,ビジネス書,書籍,1800.0,5.0,9000.0,customer_082
2024-03-09,ビジネス書,書籍,1800.0,4.0,7200.0,customer_060
2024-03-10,キーボード,電子機器,5000.0,10.0,50000.0,customer_027
,ビジネス書,書籍,,8.0,14400.0,customer_019
2024-03-10,小説,書籍,1500.0,9.0,13500.0,customer_011
2024-03-11,小説,書籍,1500.0,,7500.0,
2024-03-11,ファイル,文房具,500.0,2.0,1000.0,customer_057
2024-03-11,ノートパソコン,電子機器,80000.0,6.0,,customer_016
2024-03-11,ビジネス書,書籍,1800.0,1.0,1800.0,customer_067
2024-03-11,ノート,文房具,300.0,5.0,1500.0,customer_053
2024-03-12,ファイル,文房具,500.0,6.0,3000.0,customer_045
,ノートパソコン,電子機器,80000.0,4.0,320000.0,customer_012
2024-03-12,ノートパソコン,電子機器,80000.0,5.0,400000.0,
,ファイル,文房具,500.0,6.0,3000.0,customer_060
2024-03-13,小説,書籍,1500.0,10.0,15000.0,customer_075
2024-03-13,技術書,書籍,3500.0,2.0,7000.0,customer_013
2024-03-13,ビジネス書,書籍,1800.0,5.0,9000.0,customer_048
2024-03-13,ノートパソコン,電子機器,80000.0,2.0,160000.0,customer_069
2024-03-14,ビジネス書,書籍,1800.0,5.0,9000.0,customer_060
2024-03-14,ノート,文房具,300.0,8.0,2400.0,customer_038
2024-03-14,ファイル,文房具,500.0,9.0,4500.0,customer_062
2024-03-15,ボールペン,文房具,150.0,9.0,1350.0,customer_052
2024-03-15,,書籍,1800.0,8.0,14400.0,customer_067
2024-03-15,ファイル,文房具,500.0,4.0,2000.0,customer_058
2024-03-15,ボールペン,文房具,150.0,5.0,750.0,customer_063
2024-03-15,ノートパソコン,電子機器,80000.0,5.0,-400000.0,customer_019
2024-03-16,小説,書籍,1500.0,6.0,,customer_045
2024-03-16,ビジネス書,,1800.0,5.0,9000.0,customer_002
2024-03-16,キーボード,電子機器,5000.0,6.0,30000.0,customer_005
2024-03-17,キーボード,電子機器,5000.0,3.0,15000.0,
2024-03-17,ノート,文房具,300.0,2.0,600.0,customer_041
2024-03-17,小説,書籍,1500.0,3.0,4500.0,customer_091
2024-03-18,ボールペン,文房具,150.0,3.0,450.0,customer_088
2024-03-18,技術書,書籍,3500.0,1.0,3500.0,customer_011
2024-03-18,,書籍,114143.0,8.0,14400.0,customer_005
,小説,書籍,1500.0,2.0,3000.0,customer_005
2024-03-19,マウス,電子機器,2000.0,7.0,14000.0,customer_073
2024-03-19,技術書,書籍,3500.0,8.0,28000.0,customer_020
2024-03-19,小説,書籍,1500.0,2.0,3000.0,customer_010
2024-03-20,ボールペン,文房具,150.0,6.0,,customer_095
2024-03-20,ビジネス書,書籍,1800.0,1.0,1800.0,customer_077
2024-03-20,ボールペン,文房具,150.0,-10.0,1500.0,customer_064
2024-03-21,技術書,書籍,3500.0,1.0,3500.0,customer_012
2024-03-21,キーボード,電子機器,5000.0,9.0,45000.0,customer_074
2024-03-21,ファイル,文房具,,4.0,2000.0,customer_095
2024-03-21,ノートパソコン,電子機器,,2.0,160000.0,customer_055
,ボールペン,文房具,150.0,7.0,1050.0,customer_033
2024-03-22,ファイル,文房具,500.0,7.0,3500.0,customer_008
2024-03-22,ファイル,文房具,500.0,3.0,1500.0,customer_083
2024-03-22,技術書,書籍,3500.0,3.0,10500.0,customer_088
2024-03-23,キーボード,電子機器,5000.0,7.0,35000.0,customer_042
2024-03-23,技術書,書籍,,8.0,28000.0,
2024-03-23,小説,書籍,1500.0,5.0,7500.0,customer_064
2024-03-23,ノートパソコン,電子機器,80000.0,1.0,80000.0,customer_032
,ビジネス書,書籍,1800.0,3.0,5400.0,customer_058
2024-03-24,技術書,書籍,3500.0,8.0,28000.0,customer_077
2024-03-24,ファイル,文房具,500.0,8.0,4000.0,customer_025
2024-03-24,小説,書籍,1500.0,3.0,4500.0,customer_068
2024-03-24,ノート,文房具,300.0,10.0,3000.0,customer_052
2024-03-25,ノート,文房具,300.0,10.0,3000.0,customer_060
INVALID_DATE,技術書,書籍,3500.0,-5.0,17500.0,customer_008
2024-03-25,ボールペン,文房具,,4.0,600.0,customer_019
2024-03-25,ファイル,文房具,500.0,5.0,2500.0,customer_063
2024-03-25,ノートパソコン,電子機器,80000.0,2.0,160000.0,customer_069
2024-03-26,キーボード,電子機器,5000.0,9.0,45000.0,
2024-03-26,技術書,書籍,3500.0,2.0,7000.0,customer_043
2024-03-26,技術書,書籍,3500.0,1.0,3500.0,customer_052
2024-03-26,ノート,文房具,300.0,4.0,1200.0,customer_100
2024-03-26,ノートパソコン,電子機器,80000.0,7.0,560000.0,customer_100
2024-03-27,マウス,電子機器,2000.0,9.0,18000.0,customer_070
2024-03-27,ノート,文房具,300.0,9.0,2700.0,customer_069
2024-03-27,小説,書籍,1500.0,6.0,9000.0,customer_016
2024-03-27,ビジネス書,書籍,1800.0,5.0,9000.0,customer_027
2024-03-27,小説,書籍,1500.0,1.0,1500.0,customer_079
2024-03-28,,文房具,300.0,7.0,2100.0,customer_098
2024-03-28,キーボード,電子機器,5000.0,10.0,50000.0,customer_065
2024-03-28,ノート,文房具,300.0,5.0,1500.0,customer_030
2024-03-29,小説,書籍,1500.0,3.0,4500.0,customer_046
2024-03-29,ファイル,文房具,114143.0,3.0,1500.0,customer_006
2024-03-29,マウス,電子機器,,1.0,2000.0,customer_019
2024-03-29,ビジネス書,,1800.0,3.0,5400.0,customer_068
2024-03-29,ノートパソコン,電子機器,80000.0,,240000.0,customer_044
2024-03-30,小説,書籍,1500.0,2.0,3000.0,customer_011
2024-03-30,ボールペン,文房具,150.0,2.0,300.0,customer_087
2024-03-30,ノートパソコン,電子機器,80000.0,10.0,800000.0,customer_012
2024-03-30,ファイル,文房具,500.0,3.0,1500.0,customer_017
2024-03-30,ノートパソコン,電子機器,80000.0,3.0,240000.0,customer_006
2024-03-31,技術書,書籍,3500.0,5.0,17500.0,customer_054
2024-03-31,マウス,電子機器,2000.0,5.0,10000.0,customer_071
2024-03-31,ノート,文房具,300.0,4.0,1200.0,customer_007
2024-04-01,,電子機器,80000.0,10.0,800000.0,customer_005
2024-04-01,ボールペン,文房具,150.0,5.0,750.0,customer_008
2024-04-01,技術書,書籍,3500.0,5.0,17500.0,customer_020
2024-04-01,ノートパソコン,電子機器,80000.0,1.0,80000.0,customer_033
2024-04-01,ボールペン,文房具,150.0,5.0,750.0,customer_084
2024-04-02,ノート,文房具,300.0,7.0,2100.0,customer_073
2024-04-02,マウス,電子機器,2000.0,2.0,4000.0,customer_029
2024-04-02,技術書,書籍,3500.0,2.0,7000.0,customer_070
2024-04-03,ビジネス書,書籍,1800.0,6.0,10800.0,customer_065
2024-04-03,ファイル,文房具,500.0,1.0,500.0,customer_011
2024-04-03,技術書,書籍,3500.0,8.0,-28000.0,
2024-04-04,ノートパソコン,電子機器,80000.0,5.0,400000.0,customer_068
2024-04-04,,電子機器,80000.0,8.0,640000.0,customer_100
2024-04-04,ビジネス書,書籍,,5.0,,customer_099
2024-04-05,小説,書籍,,,4500.0,customer_080
2024-04-05,ファイル,文房具,500.0,7.0,3500.0,customer_088
2024-04-05,ファイル,文房具,500.0,4.0,2000.0,customer_007
2024-04-06,ボールペン,文房具,150.0,2.0,300.0,customer_030
2024-04-06,マウス,電子機器,2000.0,2.0,4000.0,customer_070
2024-04-06,,文房具,300.0,-4.0,1200.0,customer_005
2024-04-06,ファイル,文房具,500.0,3.0,1500.0,customer_043
2024-04-06,ノートパソコン,電子機器,80000.0,4.0,320000.0,customer_051
2024-04-07,,書籍,3500.0,9.0,31500.0,customer_016
2024-04-07,技術書,書籍,3500.0,4.0,14000.0,customer_096
2024-04-07,ノート,文房具,300.0,5.0,1500.0,customer_080
2024-04-08,ビジネス書,書籍,1800.0,7.0,12600.0,customer_019
2024-04-08,ノートパソコン,電子機器,80000.0,4.0,320000.0,customer_061
2024-04-08,ビジネス書,書籍,1800.0,8.0,14400.0,customer_012
2024-04-09,キーボード,電子機器,5000.0,2.0,639384.0,customer_045
2024-04-09,ノートパソコン,電子機器,80000.0,1.0,80000.0,customer_039
2024-04-09,小説,書籍,1500.0,5.0,7500.0,customer_084
2024-04-10,ノートパソコン,電子機器,80000.0,5.0,,customer_042
2024-04-10,ノートパソコン,電子機器,80000.0,5.0,400000.0,customer_074
2024-04-10,ノートパソコン,電子機器,80000.0,10.0,800000.0,customer_044
2024-04-10,キーボード,電子機器,5000.0,-10.0,50000.0,customer_079
2024-04-10,マウス,電子機器,2000.0,4.0,8000.0,customer_041
2024-04-11,ノート,文房具,300.0,2.0,,customer_033
2024-04-11,技術書,書籍,3500.0,10.0,35000.0,customer_092
2024-04-11,,文房具,500.0,7.0,3500.0,customer_065
2024-04-11,キーボード,電子機器,5000.0,1.0,5000.0,customer_048
2024-04-11,ボールペン,文房具,150.0,7.0,1050.0,customer_096
2024-04-12,キーボード,電子機器,-5000.0,4.0,20000.0,customer_068
2024-04-12,技術書,書籍,3500.0,1.0,3500.0,customer_072
2024-04-12,マウス,電子機器,2000.0,1.0,2000.0,customer_036
2024-04-13,ボールペン,文房具,150.0,5.0,750.0,customer_085
2024-04-13,ファイル,文房具,500.0,,3500.0,customer_047
2024-04-13,ノートパソコン,電子機器,80000.0,8.0,639384.0,customer_050
2024-04-13,キーボード,電子機器,5000.0,6.0,30000.0,customer_076
2024-04-14,ファイル,文房具,,7.0,3500.0,
2024-04-14,,書籍,1500.0,8.0,12000.0,customer_002
2024-04-14,ノート,文房具,300.0,2.0,600.0,customer_036
2024-04-15,ファイル,文房具,500.0,7.0,3500.0,customer_066
2024-04-15,マウス,電子機器,2000.0,10.0,20000.0,customer_065
2024-04-15,ノート,文房具,300.0,1.0,300.0,customer_039
2024-04-15,ボールペン,文房具,150.0,5.0,639384.0,customer_058
2024-04-16,ノートパソコン,電子機器,80000.0,3.0,240000.0,customer_094
2024-04-16,キーボード,電子機器,5000.0,8.0,40000.0,customer_077
2024-04-16,ノートパソコン,電子機器,80000.0,6.0,480000.0,customer_042
2024-04-17,ノート,文房具,300.0,8.0,2400.0,customer_053
2024-04-17,技術書,,3500.0,7.0,24500.0,customer_041
2024-04-17,ボールペン,文房具,150.0,6.0,900.0,customer_026
2024-04-17,小説,書籍,1500.0,6.0,9000.0,customer_085
2024-04-18,ボールペン,文房具,150.0,9.0,1350.0,customer_007
2024-04-18,ボールペン,文房具,150.0,3.0,450.0,customer_010
2024-04-18,ファイル,文房具,500.0,2.0,1000.0,customer_002
2024-04-18,ノート,文房具,300.0,,3000.0,customer_037
2024-04-18,ボールペン,文房具,,4.0,600.0,customer_053
2024-04-19,マウス,電子機器,2000.0,9.0,18000.0,customer_027
2024-04-19,マウス,電子機器,,7.0,14000.0,customer_097
2024-04-19,ボールペン,文房具,150.0,4.0,,customer_074
2024-04-20,キーボード,電子機器,5000.0,9.0,45000.0,customer_012
2024-04-20,キーボード,電子機器,5000.0,6.0,30000.0,customer_073
2024-04-20,,文房具,-500.0,5.0,2500.0,customer_039
2024-04-21,ファイル,文房具,500.0,10.0,5000.0,customer_009
2024-04-21,技術書,書籍,3500.0,3.0,10500.0,customer_096
2024-04-21,ビジネス書,書籍,1800.0,3.0,5400.0,customer_016
2024-04-21,ボールペン,文房具,150.0,8.0,,customer_084
2024-04-21,ボールペン,文房具,150.0,6.0,900.0,customer_057
2024-04-22,ノートパソコン,電子機器,80000.0,9.0,720000.0,customer_007
,ボールペン,文房具,150.0,8.0,,customer_055
2024-04-22,ボールペン,文房具,150.0,7.0,1050.0,customer_066
2024-04-22,技術書,書籍,3500.0,4.0,14000.0,customer_038
2024-04-23,マウス,電子機器,2000.0,8.0,16000.0,customer_051
2024-04-23,キーボード,電子機器,5000.0,7.0,35000.0,customer_031
2024-04-23,マウス,電子機器,,1.0,2000.0,customer_030
2024-04-23,ビジネス書,書籍,114143.0,5.0,9000.0,customer_097
2024-04-23,ノート,文房具,300.0,5.0,1500.0,customer_073
INVALID_DATE,ノート,文房具,300.0,8.0,2400.0,customer_100
2024-04-24,技術書,書籍,3500.0,3.0,10500.0,customer_073
2024-04-24,ビジネス書,書籍,1800.0,1.0,1800.0,customer_002
2024-04-24,ボールペン,文房具,,9.0,,customer_014
,キーボード,電子機器,5000.0,6.0,30000.0,customer_084
2024-04-25,ファイル,文房具,500.0,8.0,4000.0,customer_092
2024-04-25,ビジネス書,書籍,1800.0,5.0,9000.0,
2024-04-25,ノート,文房具,300.0,4.0,1200.0,customer_099
,ファイル,文房具,500.0,3.0,1500.0,customer_094
2024-04-26,小説,書籍,1500.0,1.0,1500.0,customer_024
2024-04-26,ボールペン,文房具,150.0,5.0,,customer_094
2024-04-26,ファイル,文房具,500.0,9.0,4500.0,customer_026
2024-04-27,技術書,書籍,3500.0,6.0,21000.0,customer_095
2024-04-27,マウス,電子機器,,8.0,16000.0,customer_085
,ビジネス書,書籍,1800.0,2.0,3600.0,customer_010
2024-04-28,小説,書籍,1500.0,10.0,15000.0,customer_002
2024-04-28,ノート,文房具,300.0,9.0,2700.0,customer_091
INVALID_DATE,マウス,電子機器,2000.0,4.0,,customer_066
2024-04-28,ファイル,文房具,500.0,6.0,3000.0,customer_039
2024-04-29,ボールペン,文房具,150.0,8.0,1200.0,customer_099
2024-04-29,小説,書籍,1500.0,6.0,9000.0,customer_008
2024-04-29,ノートパソコン,電子機器,80000.0,4.0,320000.0,customer_070
2024-04-29,マウス,電子機器,2000.0,10.0,20000.0,customer_057
,マウス,電子機器,2000.0,2.0,4000.0,customer_006
2024-04-30,ノートパソコン,電子機器,80000.0,6.0,480000.0,customer_064
2024-04-30,ボールペン,文房具,150.0,1.0,150.0,customer_029
2024-04-30,小説,書籍,,10.0,15000.0,customer_027
2024-05-01,マウス,電子機器,2000.0,2.0,4000.0,customer_094
2024-05-01,ビジネス書,書籍,1800.0,1.0,1800.0,customer_008
2024-05-01,ファイル,文房具,500.0,9.0,4500.0,customer_018
2024-05-01,技術書,書籍,3500.0,4.0,14000.0,customer_055
2024-05-01,ボールペン,文房具,-150.0,3.0,450.0,customer_089
2024-05-02,マウス,電子機器,2000.0,1.0,2000.0,customer_098
2024-05-02,マウス,電子機器,2000.0,7.0,14000.0,customer_037
2024-05-02,,電子機器,80000.0,8.0,640000.0,customer_053
2024-05-02,技術書,書籍,,6.0,21000.0,customer_060
INVALID_DATE,技術書,書籍,3500.0,4.0,14000.0,customer_017
2024-05-03,ビジネス書,書籍,1800.0,6.0,10800.0,customer_012
2024-05-03,技術書,書籍,3500.0,5.0,17500.0,customer_005
2024-05-03,マウス,電子機器,2000.0,5.0,10000.0,customer_091
2024-05-03,ファイル,文房具,500.0,9.0,4500.0,customer_021
2024-05-04,小説,書籍,1500.0,1.0,1500.0,customer_079
2024-05-04,技術書,書籍,3500.0,7.0,24500.0,customer_078
2024-05-04,ファイル,文房具,500.0,9.0,4500.0,customer_077
2024-05-05,ファイル,文房具,500.0,5.0,2500.0,customer_088
2024-05-05,マウス,電子機器,-2000.0,1.0,2000.0,customer_061
2024-05-05,,文房具,500.0,7.0,3500.0,customer_003
2024-05-06,ボールペン,文房具,150.0,9.0,1350.0,customer_042
2024-05-06,ファイル,文房具,500.0,8.0,4000.0,customer_074
INVALID_DATE,ボールペン,文房具,150.0,9.0,1350.0,customer_047
2024-05-06,キーボード,電子機器,5000.0,10.0,50000.0,customer_041
2024-05-06,ビジネス書,書籍,1800.0,7.0,-12600.0,customer_068
2024-05-07,,電子機器,80000.0,3.0,240000.0,customer_098
2024-05-07,キーボード,電子機器,5000.0,6.0,30000.0,customer_012
2024-05-07,キーボード,電子機器,5000.0,10.0,50000.0,customer_096
2024-05-07,マウス,電子機器,2000.0,1.0,2000.0,customer_012
2024-05-07,技術書,書籍,3500.0,7.0,24500.0,customer_030
2024-05-08,ボールペン,文房具,150.0,9.0,1350.0,customer_075
2024-05-08,技術書,書籍,3500.0,6.0,21000.0,customer_033
2024-05-08,ボールペン,文房具,150.0,2.0,300.0,customer_075
2024-05-08,小説,書籍,1500.0,10.0,15000.0,customer_069
2024-05-09,ファイル,文房具,500.0,1.0,500.0,
2024-05-09,小説,書籍,1500.0,1.0,1500.0,customer_079
2024-05-09,ファイル,文房具,500.0,1.0,500.0,customer_015
2024-05-10,ノート,文房具,300.0,10.0,3000.0,customer_038
2024-05-10,ファイル,文房具,500.0,6.0,3000.0,
,ノートパソコン,電子機器,80000.0,4.0,639384.0,customer_013
INVALID_DATE,ビジネス書,書籍,1800.0,6.0,10800.0,customer_091
2024-05-11,小説,書籍,1500.0,10.0,15000.0,customer_052
2024-05-11,,文房具,500.0,7.0,3500.0,customer_061
2024-05-11,キーボード,電子機器,5000.0,3.0,15000.0,customer_045
2024-05-11,ビジネス書,書籍,1800.0,2.0,3600.0,customer_031
2024-05-12,ボールペン,文房具,150.0,5.0,750.0,customer_052
2024-05-12,キーボード,電子機器,5000.0,5.0,25000.0,customer_060
2024-05-12,マウス,電子機器,2000.0,8.0,16000.0,customer_096
2024-05-13,ノートパソコン,電子機器,80000.0,,560000.0,customer_001
2024-05-13,ファイル,文房具,500.0,3.0,,customer_053
2024-05-13,小説,書籍,1500.0,7.0,10500.0,customer_089
2024-05-13,ビジネス書,書籍,,2.0,3600.0,customer_020
2024-05-13,ビジネス書,書籍,1800.0,8.0,-14400.0,customer_005
2024-05-14,小説,書籍,1500.0,1.0,1500.0,customer_012
2024-05-14,ノートパソコン,電子機器,80000.0,,640000.0,customer_056
2024-05-14,ノート,文房具,300.0,8.0,2400.0,customer_009
2024-05-15,技術書,書籍,3500.0,1.0,3500.0,customer_059
2024-05-15,キーボード,電子機器,5000.0,2.0,10000.0,customer_028
2024-05-15,ファイル,文房具,500.0,10.0,5000.0,customer_094
2024-05-15,ボールペン,文房具,150.0,9.0,1350.0,customer_082
2024-05-15,ボールペン,文房具,150.0,6.0,900.0,customer_045
INVALID_DATE,ボールペン,文房具,150.0,1.0,150.0,customer_043
2024-05-16,キーボード,電子機器,5000.0,8.0,40000.0,customer_012
,小説,書籍,1500.0,8.0,12000.0,customer_031
2024-05-17,ノートパソコン,電子機器,80000.0,1.0,80000.0,customer_074
2024-05-17,技術書,書籍,3500.0,5.0,17500.0,customer_077
2024-05-17,小説,書籍,1500.0,8.0,12000.0,customer_087
2024-05-18,ボールペン,文房具,150.0,1.0,150.0,customer_088
2024-05-18,ボールペン,文房具,150.0,,150.0,customer_098
2024-05-18,小説,書籍,1500.0,9.0,13500.0,customer_060
2024-05-19,ノートパソコン,電子機器,80000.0,6.0,,customer_038
2024-05-19,ノートパソコン,,80000.0,1.0,80000.0,customer_044
2024-05-19,マウス,電子機器,2000.0,7.0,14000.0,customer_029
2024-05-20,小説,書籍,1500.0,1.0,1500.0,customer_051
2024-05-20,キーボード,電子機器,5000.0,10.0,50000.0,customer_002
2024-05-20,技術書,書籍,3500.0,3.0,-10500.0,customer_044
2024-05-20,キーボード,電子機器,5000.0,3.0,15000.0,customer_027
2024-05-20,ファイル,文房具,500.0,1.0,500.0,customer_087
2024-05-21,ノートパソコン,電子機器,80000.0,3.0,240000.0,customer_044
2024-05-21,ボールペン,文房具,-150.0,7.0,1050.0,customer_046
2024-05-21,ノートパソコン,電子機器,80000.0,7.0,560000.0,customer_094
2024-05-21,キーボード,電子機器,5000.0,6.0,30000.0,customer_094
2024-05-22,マウス,電子機器,2000.0,1.0,2000.0,customer_020
2024-05-22,ファイル,文房具,500.0,4.0,2000.0,customer_019
2024-05-22,ノートパソコン,電子機器,80000.0,5.0,400000.0,customer_073
2024-05-23,小説,書籍,1500.0,9.0,13500.0,customer_036
2024-05-23,マウス,電子機器,2000.0,8.0,16000.0,customer_051
2024-05-23,ノートパソコン,電子機器,80000.0,6.0,480000.0,customer_035
2024-05-24,ボールペン,文房具,150.0,1.0,150.0,customer_032
2024-05-24,マウス,電子機器,2000.0,3.0,6000.0,customer_019
2024-05-24,,文房具,150.0,9.0,1350.0,customer_049
2024-05-24,ノートパソコン,電子機器,80000.0,7.0,560000.0,
2024-05-24,ビジネス書,書籍,1800.0,9.0,16200.0,customer_060
2024-05-25,ファイル,文房具,500.0,7.0,3500.0,customer_046
2024-05-25,ビジネス書,書籍,1800.0,5.0,9000.0,customer_017
2024-05-25,ノートパソコン,電子機器,80000.0,5.0,400000.0,customer_093
2024-05-25,キーボード,電子機器,5000.0,2.0,10000.0,customer_076
2024-05-26,ノートパソコン,電子機器,80000.0,,640000.0,customer_016
2024-05-26,技術書,書籍,3500.0,10.0,35000.0,customer_097
2024-05-26,ビジネス書,書籍,1800.0,6.0,10800.0,customer_002
2024-05-26,ビジネス書,書籍,1800.0,3.0,5400.0,customer_072
2024-05-27,キーボード,電子機器,5000.0,3.0,15000.0,customer_031
2024-05-27,ファイル,文房具,500.0,5.0,2500.0,customer_069
2024-05-27,キーボード,電子機器,5000.0,6.0,30000.0,customer_011
,ノートパソコン,電子機器,80000.0,3.0,240000.0,customer_026
2024-05-27,ボールペン,文房具,150.0,4.0,600.0,customer_069
2024-05-28,ボールペン,文房具,150.0,10.0,1500.0,customer_039
2024-05-28,ファイル,文房具,500.0,6.0,3000.0,customer_021
2024-05-28,ボールペン,文房具,150.0,-9.0,1350.0,customer_028
2024-05-28,ノート,文房具,-300.0,7.0,2100.0,customer_086
2024-05-29,キーボード,電子機器,5000.0,6.0,30000.0,customer_066
2024-05-29,マウス,,2000.0,8.0,16000.0,customer_020
2024-05-29,キーボード,電子機器,5000.0,2.0,10000.0,customer_074
2024-05-29,ファイル,文房具,500.0,2.0,,customer_005
2024-05-29,小説,書籍,,8.0,12000.0,customer_016
2024-05-30,ファイル,文房具,500.0,3.0,1500.0,customer_065
2024-05-30,ノート,文房具,300.0,6.0,1800.0,customer_024
2024-05-30,ビジネス書,書籍,,10.0,18000.0,customer_067
2024-05-31,ノート,文房具,300.0,8.0,2400.0,customer_052
2024-05-31,ビジネス書,書籍,1800.0,10.0,18000.0,customer_085
2024-05-31,ビジネス書,書籍,1800.0,8.0,14400.0,customer_056
,技術書,書籍,3500.0,6.0,21000.0,customer_085
2024-05-31,マウス,電子機器,2000.0,7.0,14000.0,customer_044
2024-06-01,キーボード,電子機器,5000.0,6.0,30000.0,customer_080
2024-06-01,ノート,文房具,300.0,9.0,2700.0,customer_099
2024-06-01,ファイル,文房具,500.0,6.0,3000.0,
2024-06-01,ボールペン,文房具,150.0,4.0,600.0,customer_069
2024-06-01,,書籍,3500.0,-2.0,7000.0,customer_036
2024-06-02,小説,書籍,1500.0,7.0,10500.0,customer_018
2024-06-02,ノート,文房具,300.0,9.0,2700.0,customer_006
2024-06-02,ボールペン,文房具,150.0,5.0,750.0,customer_098
2024-06-03,小説,書籍,1500.0,10.0,15000.0,customer_065
2024-06-03,ビジネス書,書籍,1800.0,6.0,10800.0,customer_010
2024-06-03,小説,書籍,1500.0,8.0,12000.0,customer_079
2024-06-04,キーボード,電子機器,5000.0,5.0,25000.0,customer_092
2024-06-04,マウス,電子機器,2000.0,5.0,10000.0,customer_025
,マウス,電子機器,2000.0,7.0,14000.0,customer_092
2024-06-04,ビジネス書,書籍,1800.0,7.0,12600.0,customer_074
2024-06-04,マウス,電子機器,2000.0,1.0,2000.0,customer_077
2024-06-05,ノートパソコン,電子機器,80000.0,3.0,240000.0,
2024-06-05,ノートパソコン,電子機器,80000.0,7.0,,customer_088
2024-06-05,ノートパソコン,電子機器,80000.0,7.0,560000.0,customer_010
2024-06-05,ノートパソコン,,80000.0,1.0,80000.0,customer_038
INVALID_DATE,小説,書籍,1500.0,5.0,,customer_053
2024-06-06,ボールペン,文房具,150.0,4.0,600.0,customer_062
2024-06-06,ビジネス書,書籍,1800.0,2.0,3600.0,customer_099
2024-06-06,ボールペン,文房具,150.0,10.0,1500.0,customer_054
2024-06-06,ノートパソコン,電子機器,80000.0,6.0,480000.0,customer_035
,ビジネス書,書籍,1800.0,8.0,14400.0,customer_014
2024-06-07,技術書,書籍,3500.0,7.0,24500.0,customer_097
2024-06-07,キーボード,電子機器,5000.0,10.0,-50000.0,customer_064
,キーボード,電子機器,5000.0,9.0,45000.0,customer_100
2024-06-08,マウス,電子機器,,1.0,2000.0,customer_002
2024-06-08,技術書,書籍,3500.0,8.0,28000.0,customer_005
2024-06-08,ノートパソコン,電子機器,80000.0,7.0,560000.0,customer_011
2024-06-09,ボールペン,文房具,150.0,4.0,600.0,customer_075
INVALID_DATE,小説,書籍,1500.0,3.0,4500.0,customer_005
2024-06-09,ファイル,文房具,500.0,1.0,500.0,customer_022
2024-06-09,ファイル,文房具,500.0,,2000.0,customer_024
2024-06-09,ビジネス書,書籍,1800.0,6.0,10800.0,customer_054
2024-06-10,小説,書籍,1500.0,6.0,9000.0,customer_064
2024-06-10,,書籍,3500.0,9.0,,customer_064
,ノートパソコン,電子機器,80000.0,8.0,640000.0,customer_034
2024-06-10,キーボード,電子機器,5000.0,6.0,30000.0,customer_005
2024-06-10,ノート,文房具,300.0,6.0,1800.0,customer_080
2024-06-11,キーボード,電子機器,5000.0,9.0,,customer_039
2024-06-11,マウス,電子機器,2000.0,,10000.0,customer_014
2024-06-11,マウス,電子機器,2000.0,4.0,8000.0,customer_016
,ノートパソコン,電子機器,80000.0,9.0,639384.0,customer_051
2024-06-12,ボールペン,文房具,150.0,2.0,300.0,customer_059
2024-06-12,ノート,文房具,300.0,4.0,1200.0,customer_080
2024-06-12,小説,書籍,,2.0,3000.0,customer_039
2024-06-12,ノート,文房具,300.0,4.0,1200.0,customer_055
2024-06-12,ボールペン,文房具,150.0,3.0,450.0,customer_099
2024-06-13,小説,書籍,1500.0,7.0,10500.0,customer_065
2024-06-13,ファイル,文房具,500.0,2.0,1000.0,customer_011
,キーボード,電子機器,5000.0,5.0,25000.0,customer_051
2024-06-13,マウス,電子機器,2000.0,7.0,14000.0,customer_047
2024-06-13,ノートパソコン,電子機器,80000.0,7.0,560000.0,customer_079
2024-06-14,キーボード,電子機器,5000.0,1.0,5000.0,customer_094
2024-06-14,小説,書籍,1500.0,3.0,,customer_087
2024-06-14,ファイル,文房具,500.0,5.0,2500.0,customer_093
2024-06-15,ノートパソコン,電子機器,80000.0,3.0,240000.0,customer_095
2024-06-15,ボールペン,,150.0,5.0,750.0,customer_025
2024-06-15,ノートパソコン,電子機器,80000.0,3.0,240000.0,customer_018
,ノートパソコン,,80000.0,10.0,800000.0,customer_005
2024-06-15,ファイル,文房具,500.0,-3.0,1500.0,customer_084
2024-06-16,キーボード,電子機器,5000.0,7.0,35000.0,customer_094
2024-06-16,ノートパソコン,電子機器,80000.0,6.0,480000.0,customer_017
2024-06-16,小説,書籍,,4.0,6000.0,customer_030
2024-06-16,技術書,書籍,-3500.0,8.0,28000.0,customer_050
,キーボード,電子機器,5000.0,6.0,30000.0,customer_005
2024-06-17,ビジネス書,書籍,1800.0,5.0,9000.0,customer_099
2024-06-17,ビジネス書,書籍,1800.0,1.0,1800.0,customer_049
2024-06-17,ビジネス書,書籍,1800.0,1.0,1800.0,customer_032
2024-06-18,ボールペン,文房具,150.0,6.0,,customer_045
2024-06-18,ビジネス書,書籍,1800.0,3.0,5400.0,customer_002
2024-06-18,キーボード,電子機器,5000.0,2.0,10000.0,customer_027
2024-06-19,小説,書籍,1500.0,10.0,15000.0,customer_095
2024-06-19,マウス,電子機器,2000.0,7.0,14000.0,customer_088
,ファイル,文房具,500.0,6.0,3000.0,customer_084
2024-06-20,ビジネス書,書籍,1800.0,2.0,3600.0,customer_023
INVALID_DATE,ビジネス書,書籍,1800.0,2.0,3600.0,customer_018
2024-06-20,マウス,電子機器,2000.0,,18000.0,customer_023
2024-06-20,ノート,文房具,300.0,5.0,1500.0,customer_048
INVALID_DATE,ファイル,文房具,500.0,3.0,1500.0,customer_031
2024-06-21,ファイル,文房具,500.0,8.0,4000.0,customer_063
2024-06-21,ボールペン,文房具,150.0,5.0,750.0,customer_047
2024-06-22,ノートパソコン,電子機器,80000.0,5.0,400000.0,customer_045
2024-06-22,ビジネス書,書籍,1800.0,8.0,14400.0,customer_017
2024-06-22,技術書,書籍,3500.0,7.0,-24500.0,
2024-06-22,キーボード,電子機器,5000.0,4.0,20000.0,customer_051
2024-06-22,技術書,書籍,3500.0,6.0,21000.0,customer_043
2024-06-23,技術書,書籍,,4.0,14000.0,customer_021
2024-06-23,キーボード,電子機器,5000.0,1.0,5000.0,
,ノート,文房具,300.0,2.0,600.0,customer_047
2024-06-23,ビジネス書,書籍,1800.0,5.0,9000.0,customer_042
2024-06-24,小説,書籍,1500.0,1.0,1500.0,customer_042
2024-06-24,ファイル,文房具,500.0,10.0,5000.0,customer_016
2024-06-24,マウス,電子機器,2000.0,10.0,20000.0,customer_067
2024-06-25,ファイル,文房具,500.0,8.0,4000.0,customer_096
2024-06-25,小説,書籍,1500.0,6.0,9000.0,customer_016
2024-06-25,ボールペン,文房具,150.0,7.0,1050.0,customer_002
2024-06-26,技術書,書籍,3500.0,6.0,21000.0,customer_040
2024-06-26,ビジネス書,書籍,1800.0,-1.0,1800.0,customer_043
2024-06-26,ボールペン,文房具,150.0,10.0,1500.0,customer_079
2024-06-27,技術書,書籍,3500.0,5.0,,customer_086
2024-06-27,マウス,電子機器,2000.0,5.0,10000.0,customer_037
2024-06-27,ファイル,文房具,500.0,4.0,,customer_021
2024-06-27,ノート,文房具,300.0,7.0,2100.0,customer_009
2024-06-28,ビジネス書,書籍,1800.0,7.0,12600.0,customer_067
2024-06-28,ノート,文房具,300.0,,1500.0,customer_067
2024-06-28,小説,書籍,1500.0,6.0,9000.0,customer_040
2024-06-29,ボールペン,文房具,150.0,7.0,1050.0,customer_062
2024-06-29,ノートパソコン,電子機器,80000.0,7.0,560000.0,customer_056
2024-06-29,マウス,電子機器,2000.0,10.0,20000.0,customer_050
2024-06-30,ファイル,文房具,500.0,10.0,5000.0,customer_026
2024-06-30,マウス,電子機器,2000.0,8.0,16000.0,customer_057
,ノート,文房具,300.0,5.0,1500.0,customer_040
2024-07-01,ノート,文房具,300.0,8.0,2400.0,customer_098
2024-07-01,小説,書籍,1500.0,6.0,9000.0,customer_070
2024-07-01,,電子機器,80000.0,1.0,-80000.0,customer_007
2024-07-01,ビジネス書,書籍,1800.0,9.0,16200.0,customer_013
2024-07-02,小説,書籍,1500.0,8.0,12000.0,customer_077
2024-07-02,ビジネス書,書籍,1800.0,6.0,10800.0,customer_084
2024-07-02,小説,書籍,1500.0,8.0,12000.0,customer_093
2024-07-03,キーボード,,5000.0,2.0,10000.0,customer_030
2024-07-03,キーボード,電子機器,5000.0,8.0,40000.0,customer_007
2024-07-03,ノート,文房具,300.0,9.0,2700.0,customer_060
2024-07-03,ノート,文房具,300.0,9.0,2700.0,customer_070
2024-07-03,ノートパソコン,電子機器,80000.0,1.0,80000.0,customer_032
2024-07-04,ボールペン,文房具,150.0,1.0,150.0,customer_005
2024-07-04,キーボード,電子機器,5000.0,4.0,20000.0,customer_059
2024-07-04,ビジネス書,書籍,1800.0,7.0,12600.0,customer_086
2024-07-05,技術書,書籍,3500.0,10.0,35000.0,customer_085
2024-07-05,ボールペン,文房具,150.0,3.0,450.0,customer_019
2024-07-05,マウス,電子機器,2000.0,3.0,,customer_020
2024-07-06,ファイル,文房具,500.0,8.0,4000.0,customer_012
2024-07-06,ファイル,文房具,500.0,5.0,2500.0,customer_031
2024-07-06,マウス,電子機器,2000.0,7.0,14000.0,customer_092
2024-07-06,ファイル,文房具,500.0,10.0,5000.0,customer_013
2024-07-07,マウス,電子機器,2000.0,8.0,16000.0,customer_082
2024-07-07,小説,書籍,1500.0,2.0,3000.0,customer_055
2024-07-07,ファイル,文房具,500.0,4.0,2000.0,customer_059
INVALID_DATE,ビジネス書,書籍,1800.0,10.0,18000.0,customer_041
2024-07-07,ノート,文房具,300.0,10.0,3000.0,customer_052
2024-07-08,ノートパソコン,電子機器,80000.0,7.0,-560000.0,customer_072
2024-07-08,ノートパソコン,電子機器,80000.0,2.0,160000.0,customer_084
2024-07-08,マウス,電子機器,2000.0,4.0,8000.0,customer_061
,ファイル,,500.0,8.0,4000.0,customer_027
INVALID_DATE,ノートパソコン,電子機器,80000.0,,480000.0,customer_016
2024-07-09,ファイル,,500.0,7.0,3500.0,customer_047
2024-07-09,ファイル,文房具,500.0,9.0,4500.0,customer_022
2024-07-09,ファイル,文房具,500.0,6.0,3000.0,customer_082
2024-07-10,マウス,電子機器,2000.0,6.0,12000.0,customer_040
2024-07-10,小説,書籍,1500.0,6.0,9000.0,customer_014
2024-07-10,ボールペン,文房具,150.0,3.0,639384.0,customer_022
2024-07-10,キーボード,電子機器,5000.0,5.0,25000.0,customer_024
2024-07-10,技術書,書籍,3500.0,2.0,7000.0,customer_075
2024-07-11,ノート,文房具,300.0,2.0,600.0,customer_001
2024-07-11,ノートパソコン,電子機器,80000.0,8.0,640000.0,customer_011
2024-07-11,技術書,書籍,3500.0,7.0,24500.0,customer_011
,技術書,書籍,3500.0,2.0,7000.0,customer_045
2024-07-12,,文房具,300.0,7.0,2100.0,customer_074
2024-07-12,ノートパソコン,,80000.0,4.0,320000.0,customer_092
2024-07-12,ノート,文房具,300.0,1.0,,customer_014
2024-07-12,ボールペン,文房具,150.0,2.0,300.0,customer_004
2024-07-13,マウス,電子機器,2000.0,6.0,12000.0,customer_071
2024-07-13,キーボード,電子機器,5000.0,5.0,25000.0,customer_055
2024-07-13,ノートパソコン,電子機器,,4.0,320000.0,customer_077
2024-07-13,技術書,書籍,3500.0,2.0,7000.0,customer_063
2024-07-13,ボールペン,文房具,,6.0,900.0,customer_008
2024-07-14,キーボード,電子機器,5000.0,6.0,30000.0,customer_023
2024-07-14,ボールペン,文房具,150.0,7.0,1050.0,customer_095
2024-07-14,ビジネス書,書籍,1800.0,7.0,12600.0,customer_098
2024-07-15,ノートパソコン,電子機器,80000.0,6.0,480000.0,customer_048
2024-07-15,技術書,書籍,3500.0,5.0,17500.0,customer_048
2024-07-15,ボールペン,文房具,150.0,6.0,900.0,customer_011
2024-07-15,キーボード,電子機器,5000.0,10.0,-50000.0,customer_045
2024-07-16,ノートパソコン,電子機器,80000.0,10.0,800000.0,customer_003
2024-07-16,マウス,電子機器,2000.0,9.0,18000.0,customer_057
2024-07-16,マウス,電子機器,2000.0,6.0,,customer_020
2024-07-16,ファイル,文房具,500.0,10.0,5000.0,customer_032
2024-07-17,技術書,書籍,3500.0,1.0,3500.0,customer_006
2024-07-17,ノートパソコン,電子機器,80000.0,3.0,240000.0,customer_070
2024-07-17,技術書,書籍,3500.0,4.0,14000.0,customer_082
2024-07-17,ビジネス書,書籍,1800.0,3.0,5400.0,customer_065
INVALID_DATE,ノートパソコン,電子機器,80000.0,4.0,320000.0,customer_002
2024-07-18,キーボード,電子機器,5000.0,9.0,45000.0,
2024-07-18,小説,書籍,1500.0,10.0,15000.0,customer_082
,マウス,電子機器,2000.0,3.0,6000.0,customer_078
2024-07-18,キーボード,電子機器,5000.0,8.0,40000.0,customer_094
2024-07-18,ファイル,文房具,500.0,10.0,5000.0,customer_077
2024-07-19,ノートパソコン,電子機器,80000.0,9.0,720000.0,customer_042
2024-07-19,ファイル,文房具,500.0,5.0,2500.0,customer_016
2024-07-19,技術書,書籍,3500.0,9.0,31500.0,
2024-07-19,ノート,文房具,300.0,8.0,2400.0,customer_003
2024-07-20,ビジネス書,書籍,,1.0,1800.0,customer_086
2024-07-20,ノートパソコン,電子機器,80000.0,2.0,160000.0,customer_033
2024-07-20,技術書,書籍,3500.0,10.0,35000.0,customer_042
2024-07-21,ノート,文房具,300.0,1.0,300.0,customer_043
2024-07-21,マウス,電子機器,2000.0,6.0,12000.0,customer_071
2024-07-21,ボールペン,文房具,150.0,5.0,750.0,customer_021
2024-07-21,ノート,文房具,300.0,6.0,1800.0,customer_097
2024-07-22,マウス,電子機器,2000.0,7.0,14000.0,customer_027
2024-07-22,ファイル,文房具,500.0,1.0,500.0,customer_091
2024-07-22,マウス,電子機器,2000.0,2.0,4000.0,customer_075
2024-07-22,ファイル,文房具,500.0,1.0,500.0,customer_053
,技術書,書籍,3500.0,1.0,3500.0,customer_063
2024-07-23,ノート,文房具,300.0,5.0,1500.0,customer_002
2024-07-23,ノートパソコン,電子機器,-80000.0,5.0,400000.0,customer_027
2024-07-23,ファイル,文房具,500.0,9.0,4500.0,customer_082
2024-07-23,小説,書籍,1500.0,4.0,6000.0,customer_078
2024-07-24,ノートパソコン,電子機器,80000.0,4.0,320000.0,customer_019
2024-07-24,小説,書籍,1500.0,2.0,3000.0,customer_091
INVALID_DATE,ファイル,文房具,500.0,8.0,4000.0,customer_025
2024-07-24,ビジネス書,書籍,1800.0,6.0,10800.0,customer_035
2024-07-25,ボールペン,文房具,150.0,8.0,,customer_095
INVALID_DATE,ファイル,文房具,500.0,7.0,3500.0,
2024-07-25,ノートパソコン,電子機器,,9.0,720000.0,customer_099
2024-07-25,技術書,書籍,3500.0,6.0,21000.0,customer_078
2024-07-25,ノートパソコン,電子機器,80000.0,10.0,800000.0,customer_050
2024-07-26,ノートパソコン,電子機器,80000.0,2.0,-160000.0,customer_089
2024-07-26,ボールペン,文房具,150.0,1.0,150.0,customer_068
2024-07-26,,文房具,150.0,1.0,150.0,customer_002
2024-07-26,キーボード,電子機器,5000.0,3.0,15000.0,customer_073
2024-07-27,ボールペン,文房具,150.0,10.0,1500.0,
2024-07-27,ビジネス書,書籍,1800.0,10.0,18000.0,customer_046
2024-07-27,ノートパソコン,電子機器,80000.0,8.0,640000.0,customer_036
2024-07-27,ボールペン,文房具,150.0,,1500.0,customer_084
,ビジネス書,書籍,1800.0,3.0,5400.0,customer_097
2024-07-28,ノートパソコン,電子機器,80000.0,8.0,640000.0,customer_012
2024-07-28,ノート,文房具,300.0,4.0,1200.0,customer_027
2024-07-29,小説,書籍,1500.0,1.0,1500.0,customer_006
2024-07-29,小説,書籍,1500.0,1.0,1500.0,customer_073
2024-07-29,小説,書籍,1500.0,5.0,7500.0,customer_031
INVALID_DATE,ファイル,文房具,500.0,8.0,4000.0,customer_018
2024-07-30,ノートパソコン,電子機器,80000.0,6.0,480000.0,customer_031
2024-07-30,技術書,書籍,3500.0,8.0,28000.0,customer_021
2024-07-30,技術書,書籍,3500.0,1.0,3500.0,customer_023
2024-07-30,ノートパソコン,電子機器,80000.0,1.0,80000.0,customer_023
2024-07-31,小説,書籍,1500.0,3.0,4500.0,customer_047
2024-07-31,ボールペン,文房具,150.0,-1.0,150.0,customer_077
2024-07-31,小説,書籍,1500.0,9.0,13500.0,customer_042
,マウス,電子機器,2000.0,9.0,18000.0,customer_024
2024-08-01,キーボード,電子機器,5000.0,5.0,25000.0,customer_033
2024-08-01,小説,書籍,1500.0,7.0,10500.0,customer_031
2024-08-02,マウス,電子機器,2000.0,-3.0,6000.0,customer_047
2024-08-02,ビジネス書,書籍,114143.0,8.0,14400.0,customer_091
2024-08-02,ビジネス書,書籍,1800.0,4.0,7200.0,customer_053
2024-08-02,マウス,電子機器,2000.0,9.0,18000.0,customer_013
2024-08-03,ビジネス書,書籍,1800.0,10.0,18000.0,customer_027
2024-08-03,,文房具,500.0,9.0,4500.0,customer_097
2024-08-03,小説,書籍,1500.0,4.0,6000.0,customer_058
2024-08-04,キーボード,電子機器,114143.0,7.0,35000.0,customer_071
2024-08-04,小説,書籍,1500.0,6.0,9000.0,customer_043
2024-08-04,,電子機器,2000.0,2.0,,customer_007
2024-08-04,ボールペン,文房具,150.0,5.0,750.0,customer_053
2024-08-04,ボールペン,文房具,150.0,5.0,750.0,customer_011
2024-08-05,ノート,文房具,300.0,6.0,1800.0,customer_061
2024-08-05,ノートパソコン,電子機器,80000.0,4.0,320000.0,customer_012
INVALID_DATE,小説,書籍,1500.0,3.0,4500.0,customer_041
2024-08-05,ボールペン,文房具,150.0,8.0,1200.0,customer_049
2024-08-06,ボールペン,文房具,150.0,3.0,450.0,customer_078
2024-08-06,マウス,電子機器,2000.0,2.0,4000.0,customer_019
2024-08-06,技術書,書籍,3500.0,4.0,14000.0,customer_015
2024-08-07,ノートパソコン,電子機器,80000.0,5.0,400000.0,customer_042
2024-08-07,ノート,文房具,300.0,6.0,1800.0,customer_042
2024-08-07,ノート,文房具,300.0,1.0,300.0,customer_080
2024-08-08,マウス,電子機器,,7.0,14000.0,customer_078
,技術書,書籍,3500.0,10.0,35000.0,customer_036
,ノートパソコン,電子機器,80000.0,-8.0,640000.0,customer_006
,ボールペン,文房具,150.0,5.0,750.0,customer_042
2024-08-08,ノートパソコン,電子機器,80000.0,3.0,240000.0,customer_038
2024-08-09,ファイル,文房具,500.0,5.0,2500.0,customer_073
2024-08-09,ボールペン,文房具,150.0,3.0,450.0,customer_095
2024-08-09,ノートパソコン,電子機器,,1.0,80000.0,customer_008
2024-08-10,キーボード,電子機器,5000.0,7.0,35000.0,customer_046
2024-08-10,ノートパソコン,電子機器,80000.0,5.0,400000.0,customer_084
2024-08-10,ノート,文房具,300.0,8.0,2400.0,customer_054
2024-08-10,ノートパソコン,電子機器,80000.0,8.0,640000.0,customer_025
2024-08-10,小説,書籍,1500.0,9.0,13500.0,customer_004
2024-08-11,ファイル,文房具,500.0,9.0,4500.0,customer_095
2024-08-11,小説,書籍,1500.0,7.0,10500.0,customer_025
2024-08-11,,書籍,1500.0,1.0,1500.0,customer_027
2024-08-12,ビジネス書,書籍,1800.0,6.0,10800.0,customer_090
2024-08-12,ファイル,文房具,500.0,6.0,3000.0,customer_079
2024-08-12,マウス,電子機器,2000.0,10.0,20000.0,customer_051
2024-08-13,キーボード,電子機器,5000.0,7.0,35000.0,customer_026
,ファイル,文房具,500.0,10.0,5000.0,customer_054
2024-08-13,マウス,電子機器,2000.0,9.0,18000.0,customer_065
2024-08-14,ビジネス書,書籍,1800.0,9.0,16200.0,customer_036
2024-08-14,小説,書籍,1500.0,10.0,15000.0,customer_049
2024-08-14,技術書,書籍,3500.0,6.0,21000.0,customer_031
2024-08-14,,文房具,150.0,1.0,150.0,customer_067
2024-08-15,,文房具,114143.0,6.0,3000.0,customer_095
2024-08-15,小説,書籍,1500.0,1.0,1500.0,customer_005
2024-08-15,キーボード,電子機器,5000.0,4.0,20000.0,customer_090
2024-08-16,ビジネス書,書籍,1800.0,4.0,,customer_098
2024-08-16,ファイル,文房具,500.0,2.0,1000.0,customer_049
2024-08-16,ファイル,文房具,500.0,6.0,3000.0,customer_030
2024-08-16,マウス,電子機器,2000.0,5.0,,customer_070
2024-08-16,小説,書籍,1500.0,2.0,3000.0,customer_041
2024-08-17,小説,書籍,1500.0,8.0,12000.0,customer_053
2024-08-17,キーボード,電子機器,5000.0,4.0,20000.0,customer_091
2024-08-17,ノート,文房具,114143.0,10.0,3000.0,customer_057
2024-08-17,ノートパソコン,電子機器,80000.0,10.0,800000.0,customer_023
2024-08-17,ボールペン,文房具,150.0,7.0,1050.0,customer_083
2024-08-18,マウス,電子機器,2000.0,2.0,4000.0,customer_001
2024-08-18,ファイル,文房具,500.0,9.0,4500.0,customer_096
2024-08-18,ノートパソコン,電子機器,114143.0,9.0,720000.0,customer_039
2024-08-19,ボールペン,文房具,150.0,2.0,300.0,customer_066
2024-08-19,ノートパソコン,電子機器,80000.0,7.0,560000.0,customer_026
2024-08-19,ビジネス書,書籍,1800.0,10.0,18000.0,customer_022
,キーボード,電子機器,5000.0,7.0,35000.0,customer_049
2024-08-20,マウス,電子機器,2000.0,6.0,,customer_094
2024-08-20,ファイル,文房具,500.0,6.0,3000.0,customer_020
2024-08-20,ボールペン,文房具,150.0,8.0,1200.0,customer_015
2024-08-20,ノートパソコン,電子機器,80000.0,5.0,400000.0,customer_073
2024-08-21,ノート,文房具,300.0,4.0,1200.0,customer_023
2024-08-21,ビジネス書,書籍,1800.0,8.0,14400.0,customer_039
2024-08-21,マウス,電子機器,2000.0,2.0,4000.0,customer_036
2024-08-22,キーボード,電子機器,,1.0,5000.0,customer_062
2024-08-22,ノート,文房具,300.0,1.0,300.0,customer_048
2024-08-22,ノートパソコン,電子機器,80000.0,2.0,160000.0,customer_042
2024-08-22,小説,書籍,1500.0,4.0,6000.0,customer_057
2024-08-22,ファイル,文房具,,10.0,5000.0,customer_071
2024-08-23,ノートパソコン,電子機器,80000.0,4.0,320000.0,customer_044
2024-08-23,ボールペン,文房具,150.0,1.0,150.0,customer_033
2024-08-23,ノートパソコン,電子機器,80000.0,1.0,80000.0,customer_026
2024-08-24,技術書,書籍,3500.0,7.0,24500.0,customer_028
2024-08-24,マウス,電子機器,2000.0,9.0,18000.0,customer_055
2024-08-24,小説,書籍,1500.0,5.0,7500.0,customer_091
2024-08-25,ビジネス書,書籍,1800.0,7.0,12600.0,customer_097
2024-08-25,ノートパソコン,電子機器,80000.0,9.0,720000.0,customer_050
2024-08-25,ボールペン,文房具,150.0,9.0,1350.0,customer_066
,ファイル,文房具,500.0,7.0,3500.0,customer_022
2024-08-26,ビジネス書,書籍,1800.0,3.0,5400.0,customer_013
2024-08-26,ノートパソコン,電子機器,80000.0,6.0,480000.0,customer_047
2024-08-26,ビジネス書,書籍,-1800.0,4.0,7200.0,customer_091
2024-08-26,技術書,書籍,3500.0,8.0,28000.0,customer_082
2024-08-27,ファイル,文房具,500.0,10.0,5000.0,customer_047
2024-08-27,マウス,電子機器,2000.0,10.0,20000.0,customer_028
2024-08-27,ボールペン,文房具,150.0,10.0,1500.0,customer_092
2024-08-27,ノート,文房具,300.0,10.0,3000.0,customer_034
2024-08-28,マウス,電子機器,114143.0,1.0,2000.0,customer_014
2024-08-28,ファイル,文房具,500.0,8.0,4000.0,customer_040
2024-08-28,ファイル,文房具,500.0,6.0,3000.0,customer_030
2024-08-29,ノート,,300.0,3.0,900.0,customer_051
2024-08-29,ノートパソコン,電子機器,80000.0,-3.0,240000.0,customer_054
2024-08-29,ノート,文房具,300.0,3.0,900.0,customer_025
2024-08-29,キーボード,電子機器,5000.0,4.0,20000.0,customer_002
2024-08-29,ビジネス書,書籍,1800.0,8.0,14400.0,customer_100
2024-08-30,ファイル,文房具,,9.0,4500.0,customer_052
2024-08-30,技術書,書籍,3500.0,4.0,14000.0,customer_024
2024-08-30,ファイル,文房具,500.0,,4000.0,customer_041
2024-08-30,ノート,文房具,300.0,4.0,1200.0,customer_086
2024-08-30,キーボード,電子機器,5000.0,7.0,35000.0,customer_039
2024-08-31,ノート,文房具,300.0,7.0,2100.0,customer_020
2024-08-31,ノートパソコン,電子機器,80000.0,6.0,480000.0,customer_021
2024-08-31,技術書,書籍,3500.0,7.0,24500.0,customer_084
2024-09-01,ボールペン,文房具,150.0,7.0,1050.0,customer_059
2024-09-01,ボールペン,文房具,150.0,8.0,1200.0,customer_051
2024-09-01,技術書,書籍,3500.0,10.0,35000.0,customer_085
2024-09-01,ビジネス書,書籍,114143.0,10.0,18000.0,customer_015
2024-09-02,ノートパソコン,電子機器,80000.0,8.0,640000.0,customer_010
2024-09-02,マウス,電子機器,2000.0,6.0,12000.0,customer_093
2024-09-02,ノート,文房具,300.0,4.0,1200.0,customer_014
2024-09-02,ファイル,文房具,500.0,8.0,4000.0,customer_011
INVALID_DATE,小説,書籍,1500.0,8.0,12000.0,customer_055
2024-09-03,ビジネス書,書籍,1800.0,7.0,12600.0,customer_089
2024-09-03,小説,書籍,1500.0,10.0,15000.0,customer_027
2024-09-03,キーボード,電子機器,5000.0,2.0,10000.0,customer_060
2024-09-04,技術書,書籍,3500.0,6.0,21000.0,customer_021
2024-09-04,ボールペン,文房具,150.0,9.0,1350.0,customer_006
2024-09-04,ビジネス書,書籍,1800.0,1.0,1800.0,customer_036
2024-09-05,小説,書籍,1500.0,1.0,1500.0,customer_034
2024-09-05,マウス,電子機器,2000.0,3.0,6000.0,customer_061
2024-09-05,小説,書籍,1500.0,9.0,13500.0,customer_087
2024-09-05,ファイル,文房具,-500.0,7.0,3500.0,customer_052
2024-09-06,ノート,文房具,300.0,2.0,600.0,customer_059
2024-09-06,マウス,電子機器,2000.0,7.0,14000.0,customer_050
2024-09-06,小説,書籍,1500.0,,9000.0,customer_042
2024-09-07,技術書,書籍,3500.0,2.0,7000.0,
2024-09-07,ボールペン,文房具,150.0,9.0,1350.0,customer_067
2024-09-07,ノート,文房具,300.0,4.0,1200.0,customer_100
2024-09-07,ファイル,文房具,500.0,5.0,2500.0,customer_044
2024-09-08,ファイル,文房具,500.0,3.0,1500.0,customer_035
2024-09-08,小説,書籍,1500.0,4.0,6000.0,customer_027
,ノートパソコン,電子機器,80000.0,2.0,160000.0,customer_059
2024-09-09,小説,書籍,1500.0,7.0,10500.0,customer_051
2024-09-09,キーボード,電子機器,5000.0,10.0,50000.0,customer_083
2024-09-09,ボールペン,文房具,150.0,1.0,150.0,customer_097
2024-09-09,ファイル,文房具,500.0,7.0,639384.0,customer_030
2024-09-10,ファイル,文房具,500.0,5.0,2500.0,customer_019
2024-09-10,ボールペン,文房具,150.0,3.0,450.0,customer_003
2024-09-10,マウス,電子機器,2000.0,8.0,16000.0,customer_040
2024-09-11,マウス,電子機器,2000.0,4.0,,customer_035
2024-09-11,技術書,書籍,3500.0,6.0,639384.0,customer_079
2024-09-11,ボールペン,文房具,150.0,7.0,1050.0,customer_039
2024-09-11,ファイル,文房具,500.0,3.0,1500.0,customer_036
2024-09-12,ビジネス書,書籍,1800.0,5.0,9000.0,customer_079
2024-09-12,小説,書籍,1500.0,10.0,15000.0,
2024-09-12,ノートパソコン,電子機器,80000.0,9.0,720000.0,customer_015
2024-09-12,ファイル,文房具,500.0,10.0,5000.0,customer_031
2024-09-12,キーボード,電子機器,5000.0,6.0,30000.0,customer_089
2024-09-13,技術書,書籍,3500.0,10.0,35000.0,customer_091
INVALID_DATE,小説,書籍,,7.0,10500.0,customer_082
2024-09-13,キーボード,電子機器,5000.0,-10.0,50000.0,customer_039
2024-09-14,ビジネス書,書籍,1800.0,9.0,16200.0,customer_077
2024-09-14,ノート,文房具,300.0,4.0,1200.0,customer_020
2024-09-14,ボールペン,文房具,150.0,10.0,1500.0,customer_023
2024-09-14,キーボード,電子機器,5000.0,5.0,25000.0,customer_056
2024-09-15,ノート,文房具,300.0,4.0,1200.0,customer_090
2024-09-15,小説,書籍,1500.0,5.0,,customer_025
2024-09-15,,文房具,300.0,1.0,300.0,customer_067
2024-09-16,,文房具,500.0,3.0,1500.0,customer_046
2024-09-16,小説,書籍,1500.0,7.0,10500.0,customer_037
2024-09-16,キーボード,電子機器,5000.0,4.0,20000.0,customer_027
2024-09-17,ビジネス書,書籍,1800.0,2.0,-3600.0,customer_040
2024-09-17,ファイル,文房具,500.0,6.0,3000.0,customer_027
2024-09-17,ビジネス書,書籍,1800.0,3.0,5400.0,customer_011
2024-09-17,小説,書籍,1500.0,4.0,6000.0,customer_023
2024-09-17,ファイル,文房具,500.0,1.0,500.0,customer_050
2024-09-18,技術書,書籍,3500.0,5.0,17500.0,customer_084
2024-09-18,ファイル,文房具,500.0,7.0,3500.0,customer_063
2024-09-18,ビジネス書,書籍,1800.0,6.0,10800.0,customer_063
2024-09-18,ノート,文房具,300.0,8.0,2400.0,customer_081
2024-09-18,小説,書籍,1500.0,2.0,3000.0,customer_022
2024-09-19,ノートパソコン,電子機器,80000.0,,400000.0,customer_093
2024-09-19,ノート,文房具,300.0,10.0,3000.0,customer_082
INVALID_DATE,キーボード,電子機器,5000.0,5.0,25000.0,customer_082
2024-09-20,キーボード,電子機器,5000.0,4.0,20000.0,customer_013
2024-09-20,小説,書籍,1500.0,4.0,6000.0,customer_097
2024-09-20,ノートパソコン,電子機器,80000.0,3.0,-240000.0,customer_031
2024-09-20,技術書,書籍,3500.0,10.0,35000.0,customer_100
2024-09-20,ノートパソコン,電子機器,80000.0,,480000.0,customer_034
2024-09-21,ビジネス書,書籍,-1800.0,9.0,16200.0,customer_077
2024-09-21,キーボード,電子機器,5000.0,6.0,30000.0,customer_044
2024-09-21,マウス,電子機器,,2.0,4000.0,customer_072
2024-09-22,小説,書籍,1500.0,9.0,13500.0,customer_092
2024-09-22,技術書,書籍,3500.0,1.0,3500.0,customer_086
2024-09-22,技術書,書籍,3500.0,9.0,31500.0,customer_064
2024-09-22,ノートパソコン,電子機器,80000.0,4.0,320000.0,customer_018
2024-09-22,ノートパソコン,電子機器,80000.0,3.0,240000.0,customer_004
2024-09-23,小説,書籍,,10.0,639384.0,customer_083
2024-09-23,マウス,電子機器,2000.0,6.0,12000.0,customer_085
2024-09-23,小説,書籍,1500.0,2.0,3000.0,customer_089
2024-09-24,ファイル,文房具,,10.0,5000.0,customer_082
2024-09-24,ノートパソコン,,80000.0,10.0,800000.0,customer_090
2024-09-24,キーボード,電子機器,5000.0,6.0,30000.0,customer_051
2024-09-24,ファイル,文房具,500.0,4.0,2000.0,customer_048
2024-09-25,ノートパソコン,電子機器,80000.0,10.0,800000.0,customer_046
2024-09-25,ノートパソコン,電子機器,,,720000.0,customer_046
2024-09-25,ノート,文房具,300.0,5.0,1500.0,customer_055
2024-09-25,ビジネス書,書籍,1800.0,9.0,16200.0,customer_085
2024-09-26,ノート,文房具,300.0,6.0,1800.0,customer_092
2024-09-26,マウス,電子機器,2000.0,1.0,2000.0,customer_034
INVALID_DATE,ビジネス書,書籍,1800.0,1.0,1800.0,customer_051
2024-09-26,技術書,書籍,3500.0,4.0,14000.0,customer_059
2024-09-27,ビジネス書,書籍,1800.0,1.0,1800.0,customer_020
2024-09-27,キーボード,電子機器,5000.0,8.0,40000.0,customer_053
,ボールペン,文房具,150.0,10.0,1500.0,customer_074
2024-09-27,ノートパソコン,電子機器,80000.0,,640000.0,customer_018
2024-09-27,技術書,書籍,3500.0,2.0,7000.0,customer_073
2024-09-28,キーボード,電子機器,5000.0,10.0,50000.0,customer_054
2024-09-28,小説,書籍,1500.0,10.0,15000.0,customer_048
2024-09-28,技術書,書籍,3500.0,3.0,10500.0,customer_005
INVALID_DATE,マウス,電子機器,2000.0,,2000.0,customer_079
2024-09-28,ビジネス書,書籍,1800.0,9.0,16200.0,customer_092
2024-09-29,ノートパソコン,電子機器,80000.0,4.0,320000.0,customer_004
2024-09-29,ノート,文房具,300.0,2.0,639384.0,customer_022
2024-09-29,ビジネス書,書籍,114143.0,8.0,14400.0,customer_088
2024-09-30,ノート,文房具,300.0,7.0,2100.0,customer_021
2024-09-30,キーボード,電子機器,5000.0,1.0,639384.0,customer_025
2024-09-30,ビジネス書,書籍,1800.0,4.0,7200.0,customer_033
2024-10-01,ノート,文房具,300.0,5.0,1500.0,customer_063
2024-10-01,ノート,文房具,300.0,5.0,1500.0,customer_022
2024-10-01,マウス,電子機器,2000.0,6.0,12000.0,customer_004
2024-10-01,,文房具,300.0,8.0,2400.0,customer_007
2024-10-01,キーボード,電子機器,5000.0,2.0,10000.0,customer_001
2024-10-02,ファイル,文房具,500.0,7.0,3500.0,customer_010
2024-10-02,技術書,書籍,3500.0,4.0,14000.0,customer_057
2024-10-02,小説,書籍,1500.0,10.0,15000.0,customer_028
2024-10-03,ノート,文房具,300.0,9.0,2700.0,customer_093
2024-10-03,マウス,電子機器,2000.0,4.0,8000.0,customer_007
2024-10-03,ノートパソコン,電子機器,80000.0,6.0,480000.0,customer_083
2024-10-04,キーボード,電子機器,5000.0,6.0,30000.0,customer_074
2024-10-04,技術書,書籍,3500.0,8.0,-28000.0,customer_052
2024-10-04,キーボード,電子機器,5000.0,,15000.0,customer_062
2024-10-04,マウス,電子機器,2000.0,6.0,639384.0,customer_049
,ビジネス書,書籍,1800.0,8.0,14400.0,customer_091
2024-10-05,小説,書籍,1500.0,4.0,6000.0,customer_033
2024-10-05,ファイル,文房具,500.0,8.0,4000.0,customer_072
2024-10-05,,文房具,300.0,5.0,1500.0,customer_060
2024-10-05,ファイル,文房具,500.0,1.0,500.0,customer_100
2024-10-06,ビジネス書,書籍,1800.0,9.0,16200.0,customer_070
2024-10-06,小説,書籍,114143.0,5.0,,customer_075
INVALID_DATE,ノート,文房具,300.0,5.0,1500.0,customer_066
2024-10-07,ファイル,文房具,500.0,8.0,4000.0,customer_039
2024-10-07,ノート,文房具,300.0,5.0,1500.0,customer_043
2024-10-07,キーボード,電子機器,5000.0,3.0,15000.0,customer_069
2024-10-07,小説,書籍,1500.0,5.0,7500.0,customer_095
2024-10-07,ビジネス書,書籍,1800.0,6.0,10800.0,customer_044
2024-10-08,技術書,書籍,3500.0,9.0,31500.0,customer_099
2024-10-08,技術書,書籍,3500.0,6.0,21000.0,customer_007
2024-10-08,ボールペン,文房具,114143.0,,900.0,customer_032
2024-10-09,ノート,文房具,300.0,8.0,2400.0,customer_076
2024-10-09,ファイル,文房具,500.0,8.0,4000.0,customer_065
2024-10-09,ノートパソコン,電子機器,80000.0,1.0,80000.0,customer_038
2024-10-10,ファイル,文房具,500.0,2.0,1000.0,customer_049
2024-10-10,ビジネス書,書籍,1800.0,6.0,10800.0,customer_024
2024-10-10,キーボード,電子機器,5000.0,4.0,20000.0,customer_079
2024-10-10,マウス,電子機器,2000.0,2.0,4000.0,customer_008
INVALID_DATE,マウス,電子機器,2000.0,1.0,2000.0,customer_100
2024-10-11,小説,書籍,1500.0,10.0,15000.0,customer_024
2024-10-11,ノート,文房具,300.0,8.0,2400.0,customer_020
2024-10-11,キーボード,電子機器,5000.0,10.0,50000.0,customer_011
2024-10-11,ビジネス書,書籍,1800.0,8.0,14400.0,customer_012
2024-10-12,ボールペン,文房具,150.0,8.0,1200.0,customer_057
2024-10-12,キーボード,電子機器,5000.0,9.0,45000.0,customer_067
2024-10-12,小説,書籍,1500.0,2.0,3000.0,customer_099
2024-10-12,ノート,文房具,300.0,9.0,2700.0,customer_014
2024-10-13,ノート,文房具,300.0,9.0,2700.0,customer_039
2024-10-13,ノートパソコン,電子機器,80000.0,9.0,720000.0,customer_087
2024-10-13,小説,書籍,1500.0,,4500.0,customer_072
2024-10-14,マウス,電子機器,2000.0,1.0,2000.0,customer_082
2024-10-14,ファイル,文房具,500.0,5.0,2500.0,customer_034
2024-10-14,技術書,書籍,3500.0,3.0,10500.0,customer_003
2024-10-15,キーボード,電子機器,5000.0,,15000.0,customer_029
2024-10-15,ファイル,文房具,500.0,2.0,1000.0,
2024-10-15,,電子機器,80000.0,9.0,,customer_056
2024-10-15,ノート,文房具,300.0,-3.0,900.0,
2024-10-16,ファイル,文房具,500.0,3.0,1500.0,customer_065
2024-10-16,小説,書籍,1500.0,9.0,13500.0,customer_017
2024-10-16,マウス,電子機器,,10.0,20000.0,customer_064
2024-10-17,小説,書籍,1500.0,4.0,6000.0,customer_078
2024-10-17,小説,書籍,1500.0,10.0,15000.0,customer_054
2024-10-17,小説,書籍,1500.0,7.0,10500.0,customer_066
2024-10-17,キーボード,電子機器,5000.0,8.0,40000.0,customer_025
2024-10-17,キーボード,電子機器,5000.0,4.0,20000.0,customer_010
2024-10-18,キーボード,電子機器,5000.0,8.0,40000.0,customer_094
2024-10-18,ビジネス書,書籍,1800.0,3.0,5400.0,customer_091
2024-10-18,ビジネス書,書籍,1800.0,9.0,16200.0,customer_071
2024-10-18,技術書,書籍,3500.0,8.0,,customer_025
2024-10-19,ボールペン,文房具,150.0,3.0,450.0,customer_036
2024-10-19,ノートパソコン,電子機器,80000.0,7.0,560000.0,customer_064
2024-10-19,小説,書籍,1500.0,9.0,13500.0,customer_021
2024-10-20,マウス,電子機器,2000.0,2.0,4000.0,customer_065
2024-10-20,キーボード,電子機器,5000.0,8.0,40000.0,customer_003
2024-10-20,マウス,電子機器,2000.0,8.0,16000.0,customer_070
2024-10-20,ノート,文房具,300.0,2.0,600.0,customer_053
2024-10-20,ビジネス書,書籍,1800.0,1.0,1800.0,customer_038
INVALID_DATE,ビジネス書,書籍,1800.0,5.0,9000.0,customer_005
2024-10-21,マウス,電子機器,2000.0,5.0,10000.0,customer_006
2024-10-21,ノートパソコン,電子機器,80000.0,7.0,560000.0,customer_063
2024-10-21,ファイル,文房具,500.0,8.0,,customer_061
2024-10-22,ファイル,文房具,500.0,10.0,5000.0,customer_003
2024-10-22,マウス,電子機器,2000.0,9.0,18000.0,customer_047
2024-10-22,ファイル,文房具,,5.0,2500.0,customer_028
2024-10-22,ボールペン,文房具,150.0,9.0,1350.0,customer_064
2024-10-22,ノートパソコン,電子機器,80000.0,8.0,640000.0,customer_096
2024-10-23,小説,書籍,1500.0,5.0,7500.0,customer_074
2024-10-23,ビジネス書,書籍,1800.0,9.0,16200.0,customer_006
,キーボード,電子機器,5000.0,10.0,50000.0,customer_044
2024-10-24,ファイル,文房具,500.0,9.0,4500.0,customer_018
2024-10-24,マウス,電子機器,2000.0,9.0,18000.0,customer_024
2024-10-24,ボールペン,文房具,150.0,10.0,1500.0,
2024-10-25,ファイル,文房具,500.0,7.0,3500.0,customer_038
2024-10-25,ボールペン,文房具,150.0,9.0,1350.0,customer_020
2024-10-25,ビジネス書,書籍,1800.0,6.0,10800.0,customer_071
2024-10-26,技術書,書籍,3500.0,6.0,21000.0,customer_085
2024-10-26,キーボード,電子機器,5000.0,6.0,30000.0,customer_036
2024-10-26,ファイル,文房具,500.0,9.0,4500.0,customer_058
2024-10-26,ノート,文房具,300.0,8.0,2400.0,customer_041
2024-10-27,ノート,文房具,300.0,8.0,2400.0,customer_052
2024-10-27,ビジネス書,書籍,1800.0,1.0,1800.0,customer_081
2024-10-27,ノート,文房具,300.0,8.0,2400.0,customer_087
2024-10-28,ボールペン,文房具,150.0,4.0,600.0,
INVALID_DATE,ビジネス書,書籍,1800.0,2.0,3600.0,customer_064
2024-10-28,ボールペン,文房具,150.0,3.0,450.0,customer_088
2024-10-29,ノート,文房具,300.0,10.0,,customer_065
2024-10-29,ファイル,文房具,,1.0,500.0,customer_003
2024-10-29,技術書,書籍,3500.0,7.0,24500.0,customer_008
2024-10-29,キーボード,電子機器,5000.0,3.0,15000.0,customer_063
2024-10-30,ファイル,文房具,500.0,4.0,2000.0,customer_048
2024-10-30,キーボード,電子機器,5000.0,6.0,30000.0,customer_084
2024-10-30,ビジネス書,書籍,1800.0,9.0,,customer_017
2024-10-31,技術書,書籍,3500.0,9.0,31500.0,customer_073
2024-10-31,キーボード,電子機器,5000.0,8.0,40000.0,customer_013
2024-10-31,ファイル,文房具,500.0,3.0,1500.0,customer_030
2024-11-01,ノートパソコン,電子機器,80000.0,4.0,320000.0,customer_052
2024-11-01,キーボード,電子機器,5000.0,8.0,40000.0,customer_038
2024-11-01,キーボード,電子機器,5000.0,3.0,15000.0,customer_019
2024-11-02,ノートパソコン,電子機器,80000.0,,560000.0,customer_002
2024-11-02,マウス,電子機器,2000.0,6.0,12000.0,
2024-11-02,ノートパソコン,電子機器,80000.0,6.0,480000.0,customer_046
INVALID_DATE,技術書,,3500.0,9.0,,customer_053
2024-11-03,ノートパソコン,電子機器,80000.0,-7.0,560000.0,customer_038
2024-11-03,ファイル,文房具,500.0,-2.0,1000.0,customer_033
INVALID_DATE,ボールペン,文房具,150.0,2.0,300.0,customer_042
2024-11-04,ビジネス書,書籍,1800.0,9.0,16200.0,customer_009
INVALID_DATE,,文房具,300.0,3.0,900.0,customer_033
2024-11-04,技術書,書籍,3500.0,4.0,14000.0,customer_032
2024-11-04,ノート,文房具,300.0,4.0,1200.0,customer_019
2024-11-04,ファイル,文房具,,1.0,500.0,customer_014
2024-11-05,ビジネス書,書籍,1800.0,6.0,10800.0,customer_026
2024-11-05,小説,書籍,1500.0,6.0,9000.0,customer_045
2024-11-05,小説,書籍,1500.0,2.0,3000.0,customer_046
2024-11-05,ノートパソコン,電子機器,80000.0,5.0,400000.0,customer_086
2024-11-06,ファイル,文房具,500.0,9.0,4500.0,customer_056
2024-11-06,ファイル,文房具,500.0,5.0,2500.0,customer_094
2024-11-06,マウス,電子機器,2000.0,6.0,12000.0,customer_019
2024-11-06,ビジネス書,書籍,1800.0,2.0,3600.0,customer_094
2024-11-06,ノートパソコン,電子機器,80000.0,5.0,400000.0,customer_094
INVALID_DATE,ビジネス書,書籍,1800.0,4.0,,customer_039
2024-11-07,ノートパソコン,電子機器,80000.0,2.0,160000.0,customer_098
2024-11-07,ボールペン,,150.0,,,customer_070
,小説,書籍,1500.0,6.0,9000.0,customer_073
2024-11-08,ビジネス書,書籍,1800.0,5.0,9000.0,customer_015
,キーボード,電子機器,5000.0,8.0,40000.0,customer_033
2024-11-08,キーボード,電子機器,5000.0,9.0,45000.0,customer_018
2024-11-08,小説,書籍,1500.0,7.0,10500.0,customer_084
2024-11-09,マウス,電子機器,2000.0,1.0,2000.0,customer_040
2024-11-09,ノートパソコン,電子機器,80000.0,8.0,640000.0,customer_029
,ファイル,文房具,500.0,6.0,3000.0,customer_006
2024-11-10,ノートパソコン,電子機器,80000.0,5.0,400000.0,customer_010
2024-11-10,ビジネス書,書籍,1800.0,4.0,7200.0,customer_068
2024-11-10,マウス,電子機器,2000.0,3.0,6000.0,customer_043
2024-11-11,技術書,書籍,3500.0,8.0,28000.0,customer_039
INVALID_DATE,ファイル,文房具,500.0,1.0,500.0,customer_033
,技術書,書籍,3500.0,2.0,7000.0,customer_042
2024-11-12,ノート,文房具,300.0,8.0,2400.0,
2024-11-12,ノート,文房具,300.0,,900.0,customer_056
2024-11-12,ファイル,文房具,,-4.0,2000.0,customer_036
2024-11-12,ビジネス書,書籍,1800.0,7.0,12600.0,customer_025
2024-11-12,ノートパソコン,電子機器,80000.0,1.0,80000.0,customer_032
2024-11-13,ノートパソコン,電子機器,80000.0,9.0,720000.0,customer_065
2024-11-13,キーボード,電子機器,,1.0,-5000.0,customer_037
2024-11-13,ファイル,文房具,,1.0,500.0,customer_022
2024-11-13,キーボード,電子機器,5000.0,,5000.0,customer_054
2024-11-13,ノートパソコン,電子機器,80000.0,9.0,,customer_083
2024-11-14,キーボード,電子機器,5000.0,2.0,10000.0,customer_066
2024-11-14,ノート,文房具,300.0,3.0,900.0,customer_073
2024-11-14,ノート,文房具,300.0,10.0,3000.0,customer_045
2024-11-15,ファイル,文房具,500.0,5.0,2500.0,customer_064
2024-11-15,ビジネス書,書籍,1800.0,4.0,7200.0,customer_014
2024-11-15,キーボード,電子機器,5000.0,4.0,20000.0,customer_022
2024-11-15,ノートパソコン,電子機器,80000.0,7.0,560000.0,customer_038
2024-11-15,小説,書籍,1500.0,9.0,13500.0,customer_067
2024-11-16,技術書,書籍,3500.0,6.0,21000.0,customer_018
2024-11-16,ノート,文房具,300.0,9.0,2700.0,customer_086
2024-11-16,技術書,書籍,3500.0,8.0,28000.0,customer_056
2024-11-17,技術書,書籍,3500.0,3.0,10500.0,customer_094
2024-11-17,ファイル,文房具,,5.0,2500.0,customer_078
2024-11-17,ノートパソコン,電子機器,80000.0,10.0,800000.0,customer_003
2024-11-17,マウス,電子機器,2000.0,4.0,8000.0,customer_004
2024-11-18,技術書,書籍,3500.0,7.0,24500.0,customer_076
2024-11-18,ボールペン,文房具,150.0,7.0,1050.0,customer_047
2024-11-18,ボールペン,文房具,150.0,6.0,900.0,customer_094
2024-11-18,小説,書籍,1500.0,3.0,4500.0,customer_095
2024-11-19,キーボード,電子機器,-5000.0,4.0,20000.0,customer_074
2024-11-19,ビジネス書,書籍,1800.0,2.0,3600.0,customer_069
2024-11-19,ノート,,300.0,6.0,1800.0,customer_054
2024-11-19,ボールペン,文房具,150.0,3.0,450.0,customer_067
2024-11-19,ファイル,文房具,500.0,9.0,4500.0,customer_051
INVALID_DATE,ビジネス書,書籍,1800.0,10.0,,customer_003
,キーボード,電子機器,5000.0,9.0,45000.0,customer_078
2024-11-20,小説,書籍,1500.0,3.0,4500.0,customer_068
2024-11-20,小説,書籍,1500.0,4.0,6000.0,customer_030
2024-11-20,ビジネス書,書籍,1800.0,2.0,3600.0,customer_068
2024-11-21,ビジネス書,書籍,1800.0,2.0,3600.0,customer_004
2024-11-21,キーボード,電子機器,5000.0,9.0,45000.0,customer_042
2024-11-21,ボールペン,文房具,150.0,9.0,1350.0,
2024-11-22,小説,書籍,1500.0,2.0,3000.0,customer_041
2024-11-22,小説,書籍,1500.0,3.0,4500.0,customer_069
2024-11-22,小説,書籍,1500.0,5.0,7500.0,customer_021
2024-11-22,ファイル,文房具,500.0,4.0,2000.0,customer_093
2024-11-23,キーボード,電子機器,5000.0,5.0,25000.0,customer_097
2024-11-23,小説,書籍,1500.0,4.0,6000.0,customer_003
2024-11-23,マウス,電子機器,2000.0,5.0,10000.0,customer_040
2024-11-24,ボールペン,文房具,150.0,6.0,900.0,customer_069
2024-11-24,小説,書籍,1500.0,7.0,10500.0,customer_032
2024-11-24,ビジネス書,書籍,1800.0,9.0,16200.0,customer_074
2024-11-25,ノートパソコン,電子機器,80000.0,6.0,480000.0,customer_075
2024-11-25,キーボード,電子機器,5000.0,3.0,15000.0,customer_023
2024-11-25,キーボード,電子機器,5000.0,7.0,35000.0,customer_044
2024-11-26,ビジネス書,書籍,1800.0,7.0,12600.0,customer_082
2024-11-26,ボールペン,文房具,150.0,2.0,300.0,customer_050
2024-11-26,小説,書籍,1500.0,1.0,1500.0,customer_042
2024-11-26,ファイル,文房具,500.0,10.0,5000.0,customer_020
2024-11-27,マウス,電子機器,2000.0,9.0,,customer_037
2024-11-27,キーボード,電子機器,5000.0,5.0,25000.0,customer_039
2024-11-27,,電子機器,-80000.0,3.0,,customer_040
2024-11-28,ビジネス書,書籍,1800.0,10.0,18000.0,customer_063
2024-11-28,キーボード,電子機器,5000.0,10.0,50000.0,customer_050
2024-11-28,ビジネス書,書籍,1800.0,9.0,16200.0,customer_094
2024-11-29,マウス,電子機器,2000.0,3.0,6000.0,customer_004
2024-11-29,ビジネス書,書籍,1800.0,,3600.0,customer_021
2024-11-29,小説,書籍,1500.0,5.0,7500.0,
2024-11-29,ファイル,文房具,500.0,5.0,2500.0,customer_015
2024-11-30,マウス,電子機器,2000.0,5.0,10000.0,customer_073
2024-11-30,ビジネス書,書籍,1800.0,1.0,1800.0,customer_060
2024-11-30,小説,書籍,,1.0,1500.0,customer_031
,ノート,文房具,300.0,6.0,,customer_032
2024-11-30,ボールペン,文房具,150.0,3.0,450.0,customer_077
2024-12-01,ノート,文房具,300.0,5.0,1500.0,customer_046
2024-12-01,ノートパソコン,,80000.0,10.0,800000.0,customer_090
2024-12-01,ノート,文房具,300.0,,900.0,customer_070
2024-12-02,ボールペン,文房具,150.0,10.0,1500.0,customer_081
2024-12-02,マウス,電子機器,2000.0,4.0,8000.0,customer_020
2024-12-02,ノート,文房具,300.0,2.0,600.0,customer_059
2024-12-02,ビジネス書,書籍,1800.0,7.0,12600.0,customer_089
2024-12-02,キーボード,電子機器,5000.0,6.0,30000.0,customer_051
2024-12-03,ボールペン,文房具,,6.0,900.0,customer_086
2024-12-03,ファイル,文房具,500.0,6.0,,customer_011
2024-12-03,ノートパソコン,電子機器,80000.0,10.0,800000.0,customer_093
2024-12-03,,書籍,3500.0,1.0,,customer_081
2024-12-03,キーボード,電子機器,5000.0,9.0,45000.0,customer_080
2024-12-04,キーボード,,5000.0,4.0,639384.0,
2024-12-04,小説,書籍,1500.0,9.0,13500.0,customer_003
2024-12-04,技術書,書籍,3500.0,7.0,24500.0,customer_014
,マウス,電子機器,2000.0,4.0,8000.0,customer_027
2024-12-04,ボールペン,文房具,150.0,6.0,900.0,customer_038
2024-12-05,ファイル,文房具,500.0,8.0,4000.0,customer_068
2024-12-05,キーボード,電子機器,5000.0,7.0,35000.0,customer_015
2024-12-05,ノート,文房具,300.0,1.0,300.0,customer_044
2024-12-05,技術書,書籍,3500.0,7.0,,
2024-12-05,ファイル,文房具,500.0,1.0,500.0,customer_034
2024-12-06,ノート,文房具,300.0,5.0,1500.0,customer_022
,ノート,文房具,300.0,2.0,600.0,customer_011
2024-12-06,ファイル,文房具,500.0,1.0,500.0,customer_041
,マウス,電子機器,2000.0,4.0,8000.0,customer_008
2024-12-07,ボールペン,文房具,150.0,1.0,150.0,customer_016
2024-12-07,技術書,書籍,3500.0,10.0,35000.0,customer_002
2024-12-07,キーボード,電子機器,5000.0,5.0,25000.0,customer_081
2024-12-08,ボールペン,文房具,150.0,1.0,150.0,customer_010
2024-12-08,ファイル,文房具,500.0,6.0,3000.0,customer_035
2024-12-08,小説,書籍,-1500.0,1.0,1500.0,customer_076
2024-12-08,ファイル,文房具,500.0,,4000.0,customer_022
2024-12-08,ビジネス書,書籍,1800.0,3.0,5400.0,customer_041
,ボールペン,文房具,150.0,6.0,900.0,customer_078
2024-12-09,ノート,文房具,300.0,5.0,1500.0,customer_050
2024-12-09,マウス,電子機器,2000.0,5.0,10000.0,customer_075
2024-12-09,ノート,文房具,300.0,5.0,1500.0,customer_067
2024-12-10,キーボード,,5000.0,5.0,25000.0,customer_052
2024-12-10,ボールペン,文房具,150.0,9.0,1350.0,customer_038
2024-12-10,ノート,文房具,300.0,5.0,1500.0,customer_064
2024-12-10,ボールペン,文房具,150.0,,450.0,customer_093
2024-12-10,ボールペン,文房具,150.0,2.0,639384.0,customer_026
2024-12-11,技術書,書籍,114143.0,8.0,28000.0,customer_020
2024-12-11,キーボード,電子機器,5000.0,9.0,45000.0,customer_057
2024-12-11,小説,書籍,1500.0,8.0,12000.0,customer_025
2024-12-11,技術書,書籍,3500.0,5.0,17500.0,customer_021
2024-12-11,ファイル,文房具,500.0,3.0,,customer_015
,ボールペン,文房具,150.0,6.0,900.0,customer_085
2024-12-12,ファイル,文房具,500.0,2.0,1000.0,customer_083
2024-12-12,ノート,文房具,300.0,4.0,1200.0,customer_086
2024-12-12,小説,書籍,-1500.0,6.0,9000.0,customer_001
2024-12-12,技術書,書籍,3500.0,5.0,17500.0,customer_067
2024-12-13,小説,書籍,1500.0,6.0,9000.0,customer_040
INVALID_DATE,ノート,文房具,-300.0,10.0,3000.0,customer_071
2024-12-13,ファイル,文房具,500.0,8.0,4000.0,customer_018
2024-12-13,ファイル,文房具,500.0,7.0,3500.0,customer_100
INVALID_DATE,小説,書籍,1500.0,4.0,6000.0,customer_064
2024-12-14,ビジネス書,書籍,1800.0,1.0,1800.0,customer_014
2024-12-14,ファイル,文房具,500.0,10.0,5000.0,customer_013
2024-12-14,ボールペン,文房具,114143.0,2.0,300.0,customer_067
2024-12-15,技術書,書籍,3500.0,2.0,7000.0,customer_021
2024-12-15,ボールペン,文房具,150.0,1.0,150.0,customer_065
2024-12-15,キーボード,電子機器,5000.0,7.0,35000.0,customer_008
2024-12-15,ノート,文房具,,9.0,,customer_008
2024-12-15,技術書,書籍,3500.0,8.0,,customer_055
2024-12-16,ノートパソコン,電子機器,80000.0,10.0,800000.0,customer_001
,ボールペン,文房具,150.0,7.0,1050.0,customer_020
2024-12-16,ノートパソコン,電子機器,80000.0,7.0,560000.0,customer_005
2024-12-16,ビジネス書,書籍,1800.0,9.0,16200.0,customer_030
2024-12-17,技術書,書籍,-3500.0,8.0,28000.0,customer_056
2024-12-17,ビジネス書,書籍,1800.0,2.0,3600.0,customer_077
2024-12-17,ノートパソコン,電子機器,80000.0,-6.0,480000.0,customer_028
2024-12-17,キーボード,電子機器,5000.0,9.0,45000.0,customer_028
2024-12-17,マウス,電子機器,2000.0,3.0,6000.0,customer_074
2024-12-18,技術書,書籍,3500.0,9.0,,customer_059
2024-12-18,ノートパソコン,電子機器,80000.0,1.0,80000.0,customer_051
2024-12-18,ファイル,文房具,500.0,3.0,1500.0,customer_039
2024-12-18,技術書,書籍,3500.0,4.0,14000.0,customer_078
2024-12-19,ファイル,文房具,500.0,1.0,500.0,customer_001
2024-12-19,ボールペン,文房具,150.0,8.0,1200.0,customer_046
2024-12-19,ノート,文房具,300.0,1.0,300.0,customer_010
2024-12-20,ファイル,文房具,500.0,6.0,3000.0,customer_028
2024-12-20,技術書,書籍,,5.0,17500.0,
2024-12-20,ボールペン,文房具,150.0,7.0,1050.0,customer_001
2024-12-20,技術書,書籍,3500.0,,28000.0,customer_028
2024-12-21,ファイル,文房具,500.0,4.0,2000.0,customer_045
2024-12-21,技術書,書籍,3500.0,7.0,24500.0,customer_021
2024-12-21,ノート,文房具,,6.0,1800.0,customer_053
2024-12-21,,文房具,150.0,1.0,150.0,customer_052
2024-12-21,ビジネス書,書籍,1800.0,9.0,639384.0,customer_015
INVALID_DATE,ビジネス書,書籍,-1800.0,3.0,5400.0,customer_006
2024-12-22,マウス,電子機器,2000.0,9.0,18000.0,
2024-12-22,ボールペン,文房具,150.0,6.0,900.0,customer_050
2024-12-22,キーボード,電子機器,5000.0,1.0,5000.0,customer_092
2024-12-23,ノート,文房具,300.0,5.0,1500.0,customer_080
2024-12-23,ファイル,文房具,114143.0,8.0,4000.0,customer_056
2024-12-23,キーボード,電子機器,5000.0,5.0,,customer_047
2024-12-23,ビジネス書,書籍,1800.0,1.0,1800.0,customer_035
2024-12-24,技術書,書籍,3500.0,4.0,14000.0,customer_075
2024-12-24,ボールペン,文房具,150.0,1.0,150.0,customer_079
2024-12-24,ファイル,,500.0,2.0,1000.0,customer_013
2024-12-24,ノート,文房具,300.0,6.0,1800.0,customer_018
2024-12-25,ファイル,文房具,500.0,6.0,3000.0,customer_053
2024-12-25,ボールペン,文房具,150.0,1.0,150.0,customer_013
2024-12-25,ファイル,文房具,500.0,-10.0,5000.0,customer_009
2024-12-26,技術書,書籍,3500.0,,31500.0,customer_029
2024-12-26,小説,書籍,1500.0,6.0,9000.0,customer_015
2024-12-26,マウス,電子機器,2000.0,6.0,12000.0,
2024-12-26,ノート,文房具,300.0,3.0,900.0,customer_008
2024-12-27,技術書,書籍,3500.0,7.0,24500.0,customer_036
,キーボード,電子機器,5000.0,10.0,50000.0,customer_061
2024-12-27,ノートパソコン,電子機器,80000.0,8.0,640000.0,customer_018
,マウス,電子機器,2000.0,7.0,14000.0,customer_021
2024-12-28,小説,書籍,1500.0,9.0,13500.0,customer_056
2024-12-28,小説,書籍,1500.0,3.0,4500.0,customer_023
2024-12-28,キーボード,電子機器,5000.0,1.0,5000.0,customer_057
,ボールペン,文房具,150.0,8.0,1200.0,customer_099
2024-12-28,ノート,文房具,300.0,10.0,3000.0,customer_026
2024-12-29,ボールペン,文房具,150.0,4.0,600.0,customer_046
2024-12-29,マウス,電子機器,2000.0,6.0,12000.0,customer_090
2024-12-29,ビジネス書,書籍,1800.0,7.0,12600.0,customer_050
2024-12-30,小説,書籍,1500.0,3.0,4500.0,customer_047
2024-12-30,キーボード,電子機器,5000.0,7.0,35000.0,customer_074
2024-12-30,キーボード,電子機器,5000.0,9.0,45000.0,customer_059
2024-12-31,ノート,文房具,300.0,7.0,-2100.0,customer_032
2024-12-31,ノートパソコン,電子機器,80000.0,2.0,160000.0,customer_016
2024-12-31,ファイル,文房具,500.0,5.0,2500.0,customer_077
2024-12-31,キーボード,電子機器,5000.0,5.0,25000.0,customer_029
2024-12-31,マウス,電子機器,2000.0,3.0,6000.0,customer_088
